date,store,day_review,day_bill
2025-04-01,CC2 Rajarhat,2.0,12.0
2025-04-01,City Centre GHY,0.0,9.0
2025-04-01,City Centre SIL,1.0,1.0
2025-04-01,Fairfield,4.0,6.0
2025-04-01,Jorhat,1.0,7.0
2025-04-01,Malda,1.0,10.0
2025-04-01,Mani Square,0.0,2.0
2025-04-01,Roodraksh Mall,0.0,3.0
2025-04-01,Siliguri,4.0,16.0
2025-04-01,Siliguri 2,2.0,4.0
2025-04-01,VEGA Circle Mall,2.0,4.0
2025-04-02,Agartala,4.0,8.0
2025-04-02,CC2 Rajarhat,1.0,6.0
2025-04-02,City Centre GHY,0.0,6.0
2025-04-02,City Centre SIL,0.0,1.0
2025-04-02,Fairfield,5.0,7.0
2025-04-02,Jorhat,2.0,12.0
2025-04-02,Malda,3.0,6.0
2025-04-02,Mani Square,0.0,5.0
2025-04-02,Roodraksh Mall,2.0,4.0
2025-04-02,Siliguri,2.0,13.0
2025-04-02,Siliguri 2,2.0,5.0
2025-04-02,VEGA Circle Mall,0.0,1.0
2025-04-03,Agartala,1.0,10.0
2025-04-03,CC2 Rajarhat,5.0,12.0
2025-04-03,City Centre GHY,1.0,3.0
2025-04-03,City Centre SIL,2.0,2.0
2025-04-03,Fairfield,6.0,11.0
2025-04-03,Jorhat,0.0,10.0
2025-04-03,Malda,1.0,7.0
2025-04-03,Mani Square,0.0,5.0
2025-04-03,Roodraksh Mall,1.0,1.0
2025-04-03,Siliguri,4.0,18.0
2025-04-03,Siliguri 2,0.0,2.0
2025-04-03,VEGA Circle Mall,0.0,1.0
2025-04-04,Agartala,1.0,9.0
2025-04-04,CC2 Rajarhat,3.0,7.0
2025-04-04,City Centre GHY,4.0,7.0
2025-04-04,City Centre SIL,1.0,3.0
2025-04-04,Fairfield,4.0,6.0
2025-04-04,Jorhat,3.0,9.0
2025-04-04,Malda,1.0,12.0
2025-04-04,Mani Square,0.0,1.0
2025-04-04,Roodraksh Mall,2.0,3.0
2025-04-04,Siliguri,2.0,8.0
2025-04-04,Siliguri 2,4.0,5.0
2025-04-04,VEGA Circle Mall,1.0,1.0
2025-04-05,Agartala,2.0,11.0
2025-04-05,CC2 Rajarhat,5.0,11.0
2025-04-05,City Centre GHY,2.0,10.0
2025-04-05,City Centre SIL,0.0,5.0
2025-04-05,Fairfield,9.0,15.0
2025-04-05,Jorhat,4.0,11.0
2025-04-05,Malda,3.0,13.0
2025-04-05,Mani Square,2.0,5.0
2025-04-05,Roodraksh Mall,2.0,3.0
2025-04-05,Siliguri,4.0,15.0
2025-04-05,Siliguri 2,8.0,12.0
2025-04-05,VEGA Circle Mall,0.0,2.0
2025-04-06,Agartala,1.0,9.0
2025-04-06,CC2 Rajarhat,6.0,18.0
2025-04-06,City Centre GHY,1.0,11.0
2025-04-06,City Centre SIL,1.0,4.0
2025-04-06,Fairfield,11.0,18.0
2025-04-06,Jorhat,3.0,10.0
2025-04-06,Malda,1.0,6.0
2025-04-06,Mani Square,3.0,9.0
2025-04-06,Roodraksh Mall,4.0,7.0
2025-04-06,Siliguri,3.0,14.0
2025-04-06,Siliguri 2,2.0,5.0
2025-04-06,VEGA Circle Mall,0.0,1.0
2025-04-07,Agartala,0.0,6.0
2025-04-07,CC2 Rajarhat,1.0,4.0
2025-04-07,City Centre GHY,3.0,11.0
2025-04-07,City Centre SIL,1.0,3.0
2025-04-07,Fairfield,4.0,7.0
2025-04-07,Jorhat,7.0,11.0
2025-04-07,Malda,2.0,7.0
2025-04-07,Mani Square,1.0,2.0
2025-04-07,Roodraksh Mall,0.0,2.0
2025-04-07,Siliguri,2.0,10.0
2025-04-07,Siliguri 2,2.0,5.0
2025-04-07,VEGA Circle Mall,1.0,2.0
2025-04-08,Agartala,2.0,9.0
2025-04-08,CC2 Rajarhat,4.0,11.0
2025-04-08,City Centre GHY,1.0,9.0
2025-04-08,City Centre SIL,0.0,2.0
2025-04-08,Fairfield,7.0,14.0
2025-04-08,Jorhat,2.0,9.0
2025-04-08,Malda,0.0,6.0
2025-04-08,Mani Square,0.0,0.0
2025-04-08,Roodraksh Mall,0.0,2.0
2025-04-08,Siliguri,4.0,11.0
2025-04-08,Siliguri 2,4.0,5.0
2025-04-08,VEGA Circle Mall,1.0,0.0
2025-04-09,Agartala,0.0,7.0
2025-04-09,CC2 Rajarhat,3.0,14.0
2025-04-09,City Centre GHY,1.0,16.0
2025-04-09,City Centre SIL,1.0,2.0
2025-04-09,Fairfield,4.0,9.0
2025-04-09,Jorhat,5.0,14.0
2025-04-09,Malda,1.0,6.0
2025-04-09,Mani Square,1.0,9.0
2025-04-09,Roodraksh Mall,2.0,4.0
2025-04-09,Siliguri,3.0,13.0
2025-04-09,Siliguri 2,4.0,7.0
2025-04-09,VEGA Circle Mall,1.0,2.0
2025-04-10,Agartala,3.0,15.0
2025-04-10,CC2 Rajarhat,4.0,9.0
2025-04-10,City Centre GHY,5.0,12.0
2025-04-10,City Centre SIL,1.0,4.0
2025-04-10,Fairfield,6.0,9.0
2025-04-10,Jorhat,3.0,14.0
2025-04-10,Malda,2.0,5.0
2025-04-10,Mani Square,2.0,7.0
2025-04-10,Roodraksh Mall,4.0,7.0
2025-04-10,Siliguri,4.0,23.0
2025-04-10,Siliguri 2,5.0,10.0
2025-04-10,VEGA Circle Mall,0.0,1.0
2025-04-11,Agartala,5.0,13.0
2025-04-11,CC2 Rajarhat,3.0,13.0
2025-04-11,City Centre GHY,3.0,18.0
2025-04-11,City Centre SIL,0.0,2.0
2025-04-11,Fairfield,5.0,5.0
2025-04-11,Jorhat,5.0,10.0
2025-04-11,Malda,1.0,8.0
2025-04-11,Mani Square,0.0,2.0
2025-04-11,Roodraksh Mall,3.0,6.0
2025-04-11,Siliguri,3.0,14.0
2025-04-11,Siliguri 2,1.0,7.0
2025-04-11,VEGA Circle Mall,0.0,1.0
2025-04-12,Agartala,5.0,16.0
2025-04-12,CC2 Rajarhat,5.0,24.0
2025-04-12,City Centre GHY,2.0,26.0
2025-04-12,City Centre SIL,0.0,8.0
2025-04-12,Fairfield,9.0,15.0
2025-04-12,Jorhat,2.0,20.0
2025-04-12,Malda,0.0,8.0
2025-04-12,Mani Square,3.0,
2025-04-12,Roodraksh Mall,2.0,11.0
2025-04-12,Siliguri,8.0,26.0
2025-04-12,Siliguri 2,4.0,7.0
2025-04-12,VEGA Circle Mall,1.0,3.0
2025-04-13,Agartala,0.0,9.0
2025-04-13,CC2 Rajarhat,12.0,26.0
2025-04-13,City Centre GHY,2.0,35.0
2025-04-13,City Centre SIL,0.0,2.0
2025-04-13,Fairfield,5.0,17.0
2025-04-13,Jorhat,5.0,20.0
2025-04-13,Malda,1.0,9.0
2025-04-13,Mani Square,2.0,8.0
2025-04-13,Roodraksh Mall,4.0,8.0
2025-04-13,Siliguri,7.0,34.0
2025-04-13,Siliguri 2,4.0,12.0
2025-04-13,VEGA Circle Mall,1.0,2.0
2025-04-14,Agartala,1.0,18.0
2025-04-14,CC2 Rajarhat,3.0,16.0
2025-04-14,City Centre GHY,0.0,12.0
2025-04-14,City Centre SIL,0.0,6.0
2025-04-14,Fairfield,7.0,11.0
2025-04-14,Jorhat,2.0,15.0
2025-04-14,Malda,3.0,20.0
2025-04-14,Mani Square,2.0,6.0
2025-04-14,Roodraksh Mall,3.0,7.0
2025-04-14,Siliguri,6.0,29.0
2025-04-14,Siliguri 2,9.0,21.0
2025-04-14,VEGA Circle Mall,0.0,2.0
2025-04-15,Agartala,0.0,6.0
2025-04-15,CC2 Rajarhat,5.0,14.0
2025-04-15,City Centre GHY,1.0,17.0
2025-04-15,City Centre SIL,0.0,6.0
2025-04-15,Fairfield,6.0,15.0
2025-04-15,Jorhat,4.0,10.0
2025-04-15,Malda,3.0,11.0
2025-04-15,Mani Square,0.0,7.0
2025-04-15,Roodraksh Mall,3.0,8.0
2025-04-15,Siliguri,0.0,11.0
2025-04-15,Siliguri 2,2.0,8.0
2025-04-15,VEGA Circle Mall,1.0,3.0
2025-04-16,Agartala,3.0,14.0
2025-04-16,CC2 Rajarhat,4.0,17.0
2025-04-16,City Centre GHY,1.0,3.0
2025-04-16,City Centre SIL,1.0,3.0
2025-04-16,Fairfield,2.0,18.0
2025-04-16,Jorhat,2.0,21.0
2025-04-16,Malda,2.0,6.0
2025-04-16,Mani Square,1.0,4.0
2025-04-16,Roodraksh Mall,1.0,7.0
2025-04-16,Siliguri,3.0,19.0
2025-04-16,Siliguri 2,2.0,10.0
2025-04-16,VEGA Circle Mall,0.0,1.0
2025-04-17,Agartala,3.0,11.0
2025-04-17,CC2 Rajarhat,4.0,12.0
2025-04-17,City Centre GHY,0.0,14.0
2025-04-17,City Centre SIL,1.0,2.0
2025-04-17,Fairfield,8.0,11.0
2025-04-17,Jorhat,2.0,18.0
2025-04-17,Malda,2.0,5.0
2025-04-17,Mani Square,4.0,6.0
2025-04-17,Roodraksh Mall,0.0,4.0
2025-04-17,Siliguri,2.0,21.0
2025-04-17,Siliguri 2,6.0,7.0
2025-04-17,VEGA Circle Mall,1.0,4.0
2025-04-18,Agartala,6.0,22.0
2025-04-18,CC2 Rajarhat,6.0,19.0
2025-04-18,City Centre GHY,0.0,14.0
2025-04-18,City Centre SIL,1.0,3.0
2025-04-18,Fairfield,6.0,13.0
2025-04-18,Jorhat,1.0,14.0
2025-04-18,Malda,1.0,10.0
2025-04-18,Mani Square,1.0,8.0
2025-04-18,Roodraksh Mall,1.0,10.0
2025-04-18,Siliguri,3.0,12.0
2025-04-18,Siliguri 2,3.0,6.0
2025-04-18,VEGA Circle Mall,0.0,1.0
2025-04-19,Agartala,4.0,16.0
2025-04-19,CC2 Rajarhat,6.0,14.0
2025-04-19,City Centre GHY,1.0,6.0
2025-04-19,City Centre SIL,4.0,8.0
2025-04-19,Fairfield,8.0,13.0
2025-04-19,Jorhat,1.0,16.0
2025-04-19,Malda,2.0,15.0
2025-04-19,Mani Square,2.0,8.0
2025-04-19,Roodraksh Mall,2.0,14.0
2025-04-19,Siliguri,0.0,17.0
2025-04-19,Siliguri 2,5.0,12.0
2025-04-19,VEGA Circle Mall,0.0,2.0
2025-04-20,Agartala,3.0,13.0
2025-04-20,CC2 Rajarhat,3.0,9.0
2025-04-20,City Centre GHY,2.0,14.0
2025-04-20,City Centre SIL,2.0,6.0
2025-04-20,Fairfield,6.0,19.0
2025-04-20,Jorhat,3.0,7.0
2025-04-20,Malda,1.0,6.0
2025-04-20,Mani Square,3.0,11.0
2025-04-20,Roodraksh Mall,1.0,7.0
2025-04-20,Siliguri,3.0,20.0
2025-04-20,Siliguri 2,3.0,10.0
2025-04-20,VEGA Circle Mall,1.0,4.0
2025-04-21,Agartala,2.0,24.0
2025-04-21,CC2 Rajarhat,3.0,10.0
2025-04-21,City Centre GHY,2.0,6.0
2025-04-21,City Centre SIL,2.0,3.0
2025-04-21,Fairfield,6.0,12.0
2025-04-21,Jorhat,5.0,15.0
2025-04-21,Malda,6.0,5.0
2025-04-21,Mani Square,2.0,7.0
2025-04-21,Roodraksh Mall,1.0,9.0
2025-04-21,Siliguri,2.0,16.0
2025-04-21,Siliguri 2,2.0,7.0
2025-04-21,VEGA Circle Mall,1.0,3.0
2025-04-22,Agartala,4.0,11.0
2025-04-22,CC2 Rajarhat,4.0,10.0
2025-04-22,City Centre GHY,1.0,6.0
2025-04-22,City Centre SIL,1.0,2.0
2025-04-22,Fairfield,2.0,5.0
2025-04-22,Jorhat,3.0,11.0
2025-04-22,Malda,2.0,4.0
2025-04-22,Mani Square,0.0,1.0
2025-04-22,Roodraksh Mall,0.0,3.0
2025-04-22,Siliguri,0.0,13.0
2025-04-22,Siliguri 2,2.0,4.0
2025-04-22,VEGA Circle Mall,0.0,2.0
2025-04-23,Agartala,2.0,5.0
2025-04-23,CC2 Rajarhat,5.0,12.0
2025-04-23,City Centre GHY,1.0,9.0
2025-04-23,City Centre SIL,1.0,1.0
2025-04-23,Fairfield,5.0,13.0
2025-04-23,Jorhat,3.0,14.0
2025-04-23,Malda,0.0,1.0
2025-04-23,Mani Square,1.0,2.0
2025-04-23,Roodraksh Mall,1.0,3.0
2025-04-23,Siliguri,3.0,17.0
2025-04-23,Siliguri 2,2.0,9.0
2025-04-23,VEGA Circle Mall,0.0,0.0
2025-04-24,Agartala,3.0,16.0
2025-04-24,CC2 Rajarhat,3.0,11.0
2025-04-24,City Centre GHY,1.0,9.0
2025-04-24,City Centre SIL,4.0,9.0
2025-04-24,Fairfield,3.0,6.0
2025-04-24,Jorhat,0.0,10.0
2025-04-24,Malda,0.0,5.0
2025-04-24,Mani Square,1.0,5.0
2025-04-24,Roodraksh Mall,1.0,5.0
2025-04-24,Siliguri,4.0,14.0
2025-04-24,Siliguri 2,2.0,7.0
2025-04-24,VEGA Circle Mall,1.0,1.0
2025-04-25,Agartala,3.0,7.0
2025-04-25,CC2 Rajarhat,1.0,6.0
2025-04-25,City Centre GHY,0.0,10.0
2025-04-25,City Centre SIL,1.0,5.0
2025-04-25,Fairfield,8.0,9.0
2025-04-25,Jorhat,1.0,7.0
2025-04-25,Malda,0.0,1.0
2025-04-25,Mani Square,0.0,2.0
2025-04-25,Roodraksh Mall,2.0,6.0
2025-04-25,Siliguri,5.0,13.0
2025-04-25,Siliguri 2,0.0,4.0
2025-04-25,VEGA Circle Mall,0.0,1.0
2025-04-26,Agartala,2.0,17.0
2025-04-26,CC2 Rajarhat,6.0,14.0
2025-04-26,City Centre GHY,1.0,10.0
2025-04-26,City Centre SIL,0.0,6.0
2025-04-26,Fairfield,9.0,8.0
2025-04-26,Jorhat,1.0,20.0
2025-04-26,Malda,0.0,2.0
2025-04-26,Mani Square,2.0,6.0
2025-04-26,Roodraksh Mall,2.0,7.0
2025-04-26,Siliguri,2.0,21.0
2025-04-26,Siliguri 2,4.0,6.0
2025-04-26,VEGA Circle Mall,2.0,3.0
2025-04-27,Agartala,1.0,17.0
2025-04-27,CC2 Rajarhat,9.0,22.0
2025-04-27,City Centre GHY,2.0,18.0
2025-04-27,City Centre SIL,3.0,7.0
2025-04-27,Fairfield,14.0,16.0
2025-04-27,Jorhat,5.0,6.0
2025-04-27,Malda,0.0,2.0
2025-04-27,Mani Square,5.0,14.0
2025-04-27,Roodraksh Mall,1.0,3.0
2025-04-27,Siliguri,4.0,16.0
2025-04-27,Siliguri 2,5.0,8.0
2025-04-27,VEGA Circle Mall,2.0,4.0
2025-04-28,Agartala,2.0,23.0
2025-04-28,CC2 Rajarhat,2.0,4.0
2025-04-28,City Centre GHY,2.0,3.0
2025-04-28,City Centre SIL,1.0,4.0
2025-04-28,Fairfield,10.0,12.0
2025-04-28,Jorhat,2.0,9.0
2025-04-28,Malda,1.0,7.0
2025-04-28,Mani Square,1.0,5.0
2025-04-28,Roodraksh Mall,0.0,2.0
2025-04-28,Siliguri,2.0,15.0
2025-04-28,Siliguri 2,5.0,10.0
2025-04-28,VEGA Circle Mall,1.0,1.0
2025-04-29,Agartala,3.0,16.0
2025-04-29,CC2 Rajarhat,5.0,14.0
2025-04-29,City Centre GHY,0.0,6.0
2025-04-29,City Centre SIL,1.0,3.0
2025-04-29,Fairfield,3.0,10.0
2025-04-29,Jorhat,3.0,8.0
2025-04-29,Malda,11.0,7.0
2025-04-29,Mani Square,2.0,5.0
2025-04-29,Roodraksh Mall,0.0,1.0
2025-04-29,Siliguri,2.0,9.0
2025-04-29,Siliguri 2,2.0,9.0
2025-04-29,VEGA Circle Mall,1.0,2.0
2025-04-30,Agartala,4.0,8.0
2025-04-30,CC2 Rajarhat,6.0,9.0
2025-04-30,City Centre GHY,1.0,7.0
2025-04-30,City Centre SIL,6.0,1.0
2025-04-30,Fairfield,6.0,7.0
2025-04-30,Jorhat,30.0,7.0
2025-04-30,Malda,19.0,10.0
2025-04-30,Mani Square,8.0,3.0
2025-04-30,Roodraksh Mall,16.0,2.0
2025-04-30,Siliguri,66.0,8.0
2025-04-30,Siliguri 2,0.0,7.0
2025-04-30,VEGA Circle Mall,1.0,1.0
2025-05-01,Agartala,3.0,8.0
2025-05-01,CC2 Rajarhat,6.0,14.0
2025-05-01,City Centre GHY,1.0,9.0
2025-05-01,City Centre SIL,2.0,6.0
2025-05-01,Fairfield,7.0,16.0
2025-05-01,Jorhat,4.0,9.0
2025-05-01,Malda,3.0,12.0
2025-05-01,Mani Square,3.0,8.0
2025-05-01,Roodraksh Mall,2.0,2.0
2025-05-01,Siliguri,4.0,16.0
2025-05-01,Siliguri 2,4.0,7.0
2025-05-01,VEGA Circle Mall,3.0,5.0
2025-05-02,Agartala,2.0,8.0
2025-05-02,CC2 Rajarhat,7.0,11.0
2025-05-02,City Centre GHY,3.0,9.0
2025-05-02,City Centre SIL,0.0,1.0
2025-05-02,Fairfield,5.0,7.0
2025-05-02,Jorhat,4.0,4.0
2025-05-02,Malda,2.0,5.0
2025-05-02,Mani Square,3.0,6.0
2025-05-02,Roodraksh Mall,3.0,4.0
2025-05-02,Siliguri,1.0,7.0
2025-05-02,Siliguri 2,6.0,5.0
2025-05-02,VEGA Circle Mall,0.0,1.0
2025-05-03,Agartala,0.0,3.0
2025-05-03,CC2 Rajarhat,3.0,9.0
2025-05-03,City Centre GHY,0.0,9.0
2025-05-03,City Centre SIL,0.0,4.0
2025-05-03,Fairfield,7.0,9.0
2025-05-03,Jorhat,8.0,10.0
2025-05-03,Malda,2.0,10.0
2025-05-03,Mani Square,9.0,13.0
2025-05-03,Roodraksh Mall,3.0,6.0
2025-05-03,Siliguri,2.0,10.0
2025-05-03,Siliguri 2,4.0,7.0
2025-05-03,VEGA Circle Mall,0.0,0.0
2025-05-04,Agartala,1.0,11.0
2025-05-04,CC2 Rajarhat,1.0,9.0
2025-05-04,City Centre GHY,0.0,7.0
2025-05-04,City Centre SIL,1.0,6.0
2025-05-04,Fairfield,10.0,21.0
2025-05-04,Jorhat,5.0,7.0
2025-05-04,Malda,0.0,4.0
2025-05-04,Mani Square,2.0,13.0
2025-05-04,Roodraksh Mall,4.0,8.0
2025-05-04,Siliguri,3.0,18.0
2025-05-04,Siliguri 2,3.0,8.0
2025-05-04,VEGA Circle Mall,0.0,0.0
2025-05-05,Agartala,0.0,4.0
2025-05-05,CC2 Rajarhat,1.0,4.0
2025-05-05,City Centre GHY,2.0,6.0
2025-05-05,City Centre SIL,0.0,2.0
2025-05-05,Fairfield,3.0,4.0
2025-05-05,Jorhat,9.0,9.0
2025-05-05,Malda,1.0,4.0
2025-05-05,Mani Square,1.0,4.0
2025-05-05,Roodraksh Mall,2.0,2.0
2025-05-05,Siliguri,6.0,10.0
2025-05-05,Siliguri 2,1.0,4.0
2025-05-05,VEGA Circle Mall,0.0,1.0
2025-05-06,Agartala,1.0,8.0
2025-05-06,CC2 Rajarhat,4.0,9.0
2025-05-06,City Centre GHY,2.0,8.0
2025-05-06,City Centre SIL,0.0,6.0
2025-05-06,Fairfield,4.0,7.0
2025-05-06,Jorhat,8.0,12.0
2025-05-06,Malda,0.0,4.0
2025-05-06,Mani Square,2.0,5.0
2025-05-06,Roodraksh Mall,3.0,3.0
2025-05-06,Siliguri,2.0,16.0
2025-05-06,Siliguri 2,2.0,4.0
2025-05-06,VEGA Circle Mall,1.0,2.0
2025-05-07,Agartala,1.0,5.0
2025-05-07,CC2 Rajarhat,4.0,9.0
2025-05-07,City Centre GHY,0.0,6.0
2025-05-07,City Centre SIL,5.0,1.0
2025-05-07,Fairfield,7.0,12.0
2025-05-07,Jorhat,3.0,13.0
2025-05-07,Malda,0.0,3.0
2025-05-07,Mani Square,0.0,4.0
2025-05-07,Roodraksh Mall,0.0,3.0
2025-05-07,Siliguri,2.0,13.0
2025-05-07,Siliguri 2,2.0,7.0
2025-05-07,VEGA Circle Mall,0.0,0.0
2025-05-08,Agartala,3.0,8.0
2025-05-08,CC2 Rajarhat,5.0,10.0
2025-05-08,City Centre GHY,1.0,8.0
2025-05-08,City Centre SIL,1.0,3.0
2025-05-08,Fairfield,4.0,10.0
2025-05-08,Jorhat,5.0,10.0
2025-05-08,Malda,1.0,7.0
2025-05-08,Mani Square,2.0,9.0
2025-05-08,Roodraksh Mall,1.0,2.0
2025-05-08,Siliguri,2.0,10.0
2025-05-08,Siliguri 2,1.0,5.0
2025-05-08,VEGA Circle Mall,0.0,0.0
2025-05-09,Agartala,0.0,10.0
2025-05-09,CC2 Rajarhat,4.0,8.0
2025-05-09,City Centre GHY,1.0,2.0
2025-05-09,City Centre SIL,1.0,7.0
2025-05-09,Fairfield,1.0,4.0
2025-05-09,Jorhat,5.0,11.0
2025-05-09,Malda,4.0,9.0
2025-05-09,Mani Square,3.0,5.0
2025-05-09,Roodraksh Mall,2.0,3.0
2025-05-09,Siliguri,2.0,5.0
2025-05-09,Siliguri 2,2.0,5.0
2025-05-09,VEGA Circle Mall,1.0,2.0
2025-05-10,Agartala,0.0,12.0
2025-05-10,CC2 Rajarhat,4.0,8.0
2025-05-10,City Centre GHY,0.0,5.0
2025-05-10,City Centre SIL,0.0,6.0
2025-05-10,Fairfield,5.0,7.0
2025-05-10,Jorhat,3.0,8.0
2025-05-10,Malda,1.0,7.0
2025-05-10,Mani Square,1.0,6.0
2025-05-10,Roodraksh Mall,1.0,1.0
2025-05-10,Siliguri,0.0,7.0
2025-05-10,Siliguri 2,7.0,9.0
2025-05-10,VEGA Circle Mall,0.0,0.0
2025-05-11,Agartala,0.0,1.0
2025-05-11,CC2 Rajarhat,5.0,13.0
2025-05-11,City Centre GHY,2.0,7.0
2025-05-11,City Centre SIL,2.0,7.0
2025-05-11,Fairfield,5.0,7.0
2025-05-11,Jorhat,0.0,2.0
2025-05-11,Malda,1.0,1.0
2025-05-11,Mani Square,1.0,4.0
2025-05-11,Roodraksh Mall,1.0,5.0
2025-05-11,Siliguri,4.0,16.0
2025-05-11,Siliguri 2,0.0,4.0
2025-05-11,VEGA Circle Mall,0.0,1.0
2025-05-12,Agartala,3.0,11.0
2025-05-12,CC2 Rajarhat,1.0,8.0
2025-05-12,City Centre GHY,1.0,1.0
2025-05-12,City Centre SIL,0.0,3.0
2025-05-12,Fairfield,4.0,3.0
2025-05-12,Jorhat,2.0,8.0
2025-05-12,Malda,1.0,6.0
2025-05-12,Mani Square,3.0,8.0
2025-05-12,Roodraksh Mall,1.0,7.0
2025-05-12,Siliguri,0.0,9.0
2025-05-12,Siliguri 2,2.0,6.0
2025-05-12,VEGA Circle Mall,0.0,1.0
2025-05-13,Agartala,3.0,12.0
2025-05-13,CC2 Rajarhat,2.0,9.0
2025-05-13,City Centre GHY,1.0,5.0
2025-05-13,City Centre SIL,0.0,1.0
2025-05-13,Fairfield,8.0,6.0
2025-05-13,Jorhat,3.0,2.0
2025-05-13,Malda,2.0,4.0
2025-05-13,Mani Square,1.0,5.0
2025-05-13,Roodraksh Mall,1.0,2.0
2025-05-13,Siliguri,0.0,3.0
2025-05-13,Siliguri 2,3.0,9.0
2025-05-13,VEGA Circle Mall,0.0,1.0
2025-05-14,Agartala,3.0,4.0
2025-05-14,CC2 Rajarhat,2.0,5.0
2025-05-14,City Centre GHY,0.0,1.0
2025-05-14,City Centre SIL,1.0,2.0
2025-05-14,Fairfield,2.0,6.0
2025-05-14,Jorhat,1.0,2.0
2025-05-14,Malda,2.0,3.0
2025-05-14,Mani Square,0.0,1.0
2025-05-14,Roodraksh Mall,2.0,2.0
2025-05-14,Siliguri,0.0,6.0
2025-05-14,Siliguri 2,1.0,4.0
2025-05-14,VEGA Circle Mall,0.0,2.0
2025-05-15,Agartala,3.0,4.0
2025-05-15,CC2 Rajarhat,4.0,7.0
2025-05-15,City Centre GHY,0.0,3.0
2025-05-15,City Centre SIL,0.0,8.0
2025-05-15,Fairfield,4.0,6.0
2025-05-15,Jorhat,0.0,5.0
2025-05-15,Malda,1.0,2.0
2025-05-15,Mani Square,5.0,6.0
2025-05-15,Roodraksh Mall,0.0,1.0
2025-05-15,Siliguri,0.0,10.0
2025-05-15,Siliguri 2,0.0,2.0
2025-05-15,VEGA Circle Mall,2.0,3.0
2025-05-16,Agartala,0.0,4.0
2025-05-16,CC2 Rajarhat,3.0,4.0
2025-05-16,City Centre GHY,0.0,6.0
2025-05-16,City Centre SIL,0.0,1.0
2025-05-16,Fairfield,2.0,5.0
2025-05-16,Jorhat,3.0,4.0
2025-05-16,Malda,1.0,7.0
2025-05-16,Mani Square,0.0,1.0
2025-05-16,Roodraksh Mall,0.0,1.0
2025-05-16,Siliguri,1.0,2.0
2025-05-16,Siliguri 2,3.0,6.0
2025-05-16,VEGA Circle Mall,1.0,2.0
2025-05-17,Agartala,2.0,2.0
2025-05-17,CC2 Rajarhat,7.0,13.0
2025-05-17,City Centre GHY,2.0,8.0
2025-05-17,City Centre SIL,0.0,1.0
2025-05-17,Fairfield,4.0,7.0
2025-05-17,Jorhat,6.0,7.0
2025-05-17,Malda,0.0,4.0
2025-05-17,Mani Square,2.0,7.0
2025-05-17,Roodraksh Mall,1.0,2.0
2025-05-17,Siliguri,5.0,9.0
2025-05-17,Siliguri 2,1.0,9.0
2025-05-17,VEGA Circle Mall,0.0,0.0
2025-05-18,Agartala,4.0,3.0
2025-05-18,CC2 Rajarhat,6.0,17.0
2025-05-18,City Centre GHY,1.0,16.0
2025-05-18,City Centre SIL,1.0,3.0
2025-05-18,Fairfield,4.0,6.0
2025-05-18,Jorhat,2.0,2.0
2025-05-18,Malda,1.0,8.0
2025-05-18,Mani Square,2.0,5.0
2025-05-18,Roodraksh Mall,1.0,3.0
2025-05-18,Siliguri,1.0,8.0
2025-05-18,Siliguri 2,1.0,2.0
2025-05-18,VEGA Circle Mall,2.0,3.0
2025-05-19,Agartala,4.0,2.0
2025-05-19,CC2 Rajarhat,2.0,4.0
2025-05-19,City Centre GHY,0.0,5.0
2025-05-19,City Centre SIL,3.0,1.0
2025-05-19,Fairfield,3.0,5.0
2025-05-19,Jorhat,2.0,2.0
2025-05-19,Malda,1.0,5.0
2025-05-19,Mani Square,1.0,2.0
2025-05-19,Roodraksh Mall,2.0,2.0
2025-05-19,Siliguri,3.0,7.0
2025-05-19,Siliguri 2,0.0,4.0
2025-05-19,VEGA Circle Mall,3.0,3.0
2025-05-20,Agartala,0.0,0.0
2025-05-20,CC2 Rajarhat,3.0,6.0
2025-05-20,City Centre GHY,0.0,4.0
2025-05-20,City Centre SIL,0.0,1.0
2025-05-20,Fairfield,2.0,5.0
2025-05-20,Jorhat,1.0,3.0
2025-05-20,Malda,1.0,2.0
2025-05-20,Mani Square,1.0,1.0
2025-05-20,Roodraksh Mall,1.0,1.0
2025-05-20,Siliguri,2.0,7.0
2025-05-20,Siliguri 2,0.0,1.0
2025-05-20,VEGA Circle Mall,0.0,1.0
2025-05-21,Agartala,2.0,7.0
2025-05-21,CC2 Rajarhat,1.0,4.0
2025-05-21,City Centre GHY,0.0,1.0
2025-05-21,City Centre SIL,1.0,3.0
2025-05-21,Fairfield,4.0,3.0
2025-05-21,Jorhat,3.0,2.0
2025-05-21,Malda,2.0,5.0
2025-05-21,Mani Square,0.0,1.0
2025-05-21,Roodraksh Mall,1.0,0.0
2025-05-21,Siliguri,4.0,10.0
2025-05-21,Siliguri 2,1.0,6.0
2025-05-21,VEGA Circle Mall,0.0,0.0
2025-05-22,Agartala,1.0,6.0
2025-05-22,CC2 Rajarhat,3.0,7.0
2025-05-22,City Centre GHY,0.0,4.0
2025-05-22,City Centre SIL,0.0,5.0
2025-05-22,Fairfield,6.0,6.0
2025-05-22,Jorhat,2.0,5.0
2025-05-22,Malda,1.0,8.0
2025-05-22,Mani Square,1.0,6.0
2025-05-22,Roodraksh Mall,1.0,4.0
2025-05-22,Siliguri,1.0,13.0
2025-05-22,Siliguri 2,0.0,6.0
2025-05-22,VEGA Circle Mall,1.0,2.0
2025-05-23,Agartala,0.0,4.0
2025-05-23,CC2 Rajarhat,1.0,8.0
2025-05-23,City Centre GHY,0.0,2.0
2025-05-23,City Centre SIL,2.0,1.0
2025-05-23,Fairfield,3.0,8.0
2025-05-23,Jorhat,1.0,3.0
2025-05-23,Malda,1.0,4.0
2025-05-23,Mani Square,1.0,3.0
2025-05-23,Roodraksh Mall,2.0,4.0
2025-05-23,Siliguri,4.0,14.0
2025-05-23,Siliguri 2,0.0,2.0
2025-05-23,VEGA Circle Mall,1.0,1.0
2025-05-24,Agartala,4.0,10.0
2025-05-24,CC2 Rajarhat,3.0,13.0
2025-05-24,City Centre GHY,0.0,2.0
2025-05-24,City Centre SIL,2.0,2.0
2025-05-24,Fairfield,7.0,9.0
2025-05-24,Jorhat,1.0,2.0
2025-05-24,Malda,3.0,7.0
2025-05-24,Mani Square,4.0,4.0
2025-05-24,Roodraksh Mall,0.0,1.0
2025-05-24,Siliguri,3.0,14.0
2025-05-24,Siliguri 2,2.0,8.0
2025-05-24,VEGA Circle Mall,2.0,2.0
2025-05-25,Agartala,5.0,4.0
2025-05-25,CC2 Rajarhat,3.0,7.0
2025-05-25,City Centre GHY,0.0,7.0
2025-05-25,City Centre SIL,1.0,1.0
2025-05-25,Fairfield,7.0,10.0
2025-05-25,Jorhat,0.0,1.0
2025-05-25,Malda,0.0,3.0
2025-05-25,Mani Square,0.0,2.0
2025-05-25,Roodraksh Mall,0.0,4.0
2025-05-25,Siliguri,1.0,10.0
2025-05-25,Siliguri 2,5.0,10.0
2025-05-25,VEGA Circle Mall,0.0,4.0
2025-05-26,Agartala,1.0,2.0
2025-05-26,CC2 Rajarhat,4.0,8.0
2025-05-26,City Centre GHY,0.0,1.0
2025-05-26,City Centre SIL,0.0,1.0
2025-05-26,Fairfield,3.0,7.0
2025-05-26,Jorhat,1.0,4.0
2025-05-26,Malda,1.0,1.0
2025-05-26,Mani Square,1.0,1.0
2025-05-26,Roodraksh Mall,0.0,2.0
2025-05-26,Siliguri,0.0,8.0
2025-05-26,Siliguri 2,2.0,4.0
2025-05-26,VEGA Circle Mall,0.0,1.0
2025-05-27,Agartala,6.0,3.0
2025-05-27,CC2 Rajarhat,3.0,8.0
2025-05-27,City Centre GHY,0.0,4.0
2025-05-27,City Centre SIL,1.0,3.0
2025-05-27,Fairfield,1.0,6.0
2025-05-27,Jorhat,1.0,2.0
2025-05-27,Malda,1.0,6.0
2025-05-27,Mani Square,0.0,6.0
2025-05-27,Roodraksh Mall,1.0,1.0
2025-05-27,Siliguri,0.0,10.0
2025-05-27,Siliguri 2,2.0,6.0
2025-05-27,VEGA Circle Mall,0.0,0.0
2025-05-28,Agartala,1.0,4.0
2025-05-28,CC2 Rajarhat,0.0,4.0
2025-05-28,City Centre GHY,0.0,3.0
2025-05-28,City Centre SIL,1.0,1.0
2025-05-28,Fairfield,4.0,6.0
2025-05-28,Jorhat,2.0,3.0
2025-05-28,Malda,1.0,5.0
2025-05-28,Mani Square,1.0,2.0
2025-05-28,Roodraksh Mall,0.0,2.0
2025-05-28,Siliguri,1.0,10.0
2025-05-28,Siliguri 2,1.0,1.0
2025-05-28,VEGA Circle Mall,4.0,2.0
2025-05-29,Agartala,2.0,3.0
2025-05-29,CC2 Rajarhat,1.0,10.0
2025-05-29,City Centre GHY,0.0,7.0
2025-05-29,City Centre SIL,1.0,3.0
2025-05-29,Fairfield,4.0,7.0
2025-05-29,Jorhat,2.0,3.0
2025-05-29,Malda,0.0,0.0
2025-05-29,Mani Square,2.0,2.0
2025-05-29,Roodraksh Mall,0.0,0.0
2025-05-29,Siliguri,3.0,12.0
2025-05-29,Siliguri 2,4.0,7.0
2025-05-29,VEGA Circle Mall,1.0,1.0
2025-05-30,Agartala,2.0,4.0
2025-05-30,CC2 Rajarhat,5.0,13.0
2025-05-30,City Centre GHY,1.0,2.0
2025-05-30,City Centre SIL,0.0,0.0
2025-05-30,Fairfield,5.0,13.0
2025-05-30,Jorhat,1.0,2.0
2025-05-30,Malda,1.0,7.0
2025-05-30,Mani Square,1.0,3.0
2025-05-30,Roodraksh Mall,0.0,0.0
2025-05-30,Siliguri,7.0,12.0
2025-05-30,Siliguri 2,2.0,4.0
2025-05-30,VEGA Circle Mall,0.0,2.0
2025-05-31,Agartala,2.0,8.0
2025-05-31,CC2 Rajarhat,4.0,11.0
2025-05-31,City Centre GHY,1.0,6.0
2025-05-31,City Centre SIL,4.0,4.0
2025-05-31,Fairfield,5.0,13.0
2025-05-31,Jorhat,0.0,3.0
2025-05-31,Malda,16.0,1.0
2025-05-31,Mani Square,0.0,6.0
2025-05-31,Roodraksh Mall,0.0,2.0
2025-05-31,Siliguri,26.0,5.0
2025-05-31,Siliguri 2,2.0,2.0
2025-05-31,VEGA Circle Mall,0.0,2.0
2025-06-01,Agartala,0.0,0.0
2025-06-01,CC2 Rajarhat,6.0,13.0
2025-06-01,City Centre GHY,1.0,8.0
2025-06-01,City Centre SIL,0.0,5.0
2025-06-01,Fairfield,5.0,10.0
2025-06-01,Jorhat,0.0,0.0
2025-06-01,Malda,0.0,4.0
2025-06-01,Mani Square,1.0,3.0
2025-06-01,Roodraksh Mall,2.0,3.0
2025-06-01,Siliguri,8.0,10.0
2025-06-01,Siliguri 2,3.0,7.0
2025-06-01,VEGA Circle Mall,0.0,1.0
2025-06-02,Agartala,3.0,8.0
2025-06-02,CC2 Rajarhat,3.0,6.0
2025-06-02,City Centre GHY,0.0,11.0
2025-06-02,City Centre SIL,0.0,3.0
2025-06-02,Fairfield,4.0,6.0
2025-06-02,Jorhat,0.0,3.0
2025-06-02,Malda,3.0,6.0
2025-06-02,Mani Square,0.0,2.0
2025-06-02,Roodraksh Mall,0.0,3.0
2025-06-02,Siliguri,0.0,0.0
2025-06-02,Siliguri 2,0.0,1.0
2025-06-02,VEGA Circle Mall,0.0,0.0
2025-06-03,Agartala,2.0,5.0
2025-06-03,CC2 Rajarhat,4.0,12.0
2025-06-03,City Centre GHY,1.0,7.0
2025-06-03,City Centre SIL,0.0,1.0
2025-06-03,Fairfield,1.0,6.0
2025-06-03,Jorhat,2.0,2.0
2025-06-03,Malda,4.0,2.0
2025-06-03,Mani Square,2.0,5.0
2025-06-03,Roodraksh Mall,1.0,2.0
2025-06-03,Siliguri,3.0,6.0
2025-06-03,Siliguri 2,3.0,6.0
2025-06-03,VEGA Circle Mall,0.0,0.0
2025-06-04,Agartala,1.0,6.0
2025-06-04,CC2 Rajarhat,4.0,12.0
2025-06-04,City Centre GHY,0.0,9.0
2025-06-04,City Centre SIL,0.0,6.0
2025-06-04,Fairfield,2.0,7.0
2025-06-04,Jorhat,1.0,4.0
2025-06-04,Malda,1.0,5.0
2025-06-04,Mani Square,1.0,4.0
2025-06-04,Roodraksh Mall,0.0,3.0
2025-06-04,Siliguri,2.0,5.0
2025-06-04,Siliguri 2,3.0,2.0
2025-06-04,VEGA Circle Mall,1.0,0.0
2025-06-05,Agartala,0.0,3.0
2025-06-05,CC2 Rajarhat,4.0,13.0
2025-06-05,City Centre GHY,3.0,12.0
2025-06-05,City Centre SIL,3.0,7.0
2025-06-05,Fairfield,0.0,14.0
2025-06-05,Jorhat,1.0,4.0
2025-06-05,Malda,0.0,6.0
2025-06-05,Mani Square,1.0,3.0
2025-06-05,Roodraksh Mall,0.0,7.0
2025-06-05,Siliguri,2.0,5.0
2025-06-05,Siliguri 2,0.0,5.0
2025-06-05,VEGA Circle Mall,1.0,1.0
2025-06-06,Agartala,1.0,9.0
2025-06-06,CC2 Rajarhat,7.0,20.0
2025-06-06,City Centre GHY,1.0,8.0
2025-06-06,City Centre SIL,4.0,5.0
2025-06-06,Fairfield,8.0,11.0
2025-06-06,Jorhat,0.0,5.0
2025-06-06,Malda,0.0,7.0
2025-06-06,Mani Square,4.0,7.0
2025-06-06,Roodraksh Mall,0.0,3.0
2025-06-06,Siliguri,1.0,5.0
2025-06-06,Siliguri 2,0.0,2.0
2025-06-06,VEGA Circle Mall,0.0,2.0
2025-06-07,Agartala,3.0,7.0
2025-06-07,CC2 Rajarhat,2.0,11.0
2025-06-07,City Centre GHY,1.0,7.0
2025-06-07,City Centre SIL,0.0,0.0
2025-06-07,Fairfield,7.0,11.0
2025-06-07,Jorhat,2.0,4.0
2025-06-07,Malda,3.0,5.0
2025-06-07,Mani Square,2.0,3.0
2025-06-07,Roodraksh Mall,0.0,2.0
2025-06-07,Siliguri,2.0,10.0
2025-06-07,Siliguri 2,0.0,3.0
2025-06-07,VEGA Circle Mall,3.0,2.0
2025-06-08,Agartala,0.0,1.0
2025-06-08,CC2 Rajarhat,5.0,10.0
2025-06-08,City Centre GHY,2.0,7.0
2025-06-08,City Centre SIL,4.0,0.0
2025-06-08,Fairfield,5.0,9.0
2025-06-08,Jorhat,1.0,3.0
2025-06-08,Malda,0.0,0.0
2025-06-08,Mani Square,1.0,1.0
2025-06-08,Roodraksh Mall,0.0,1.0
2025-06-08,Siliguri,6.0,12.0
2025-06-08,Siliguri 2,2.0,3.0
2025-06-08,VEGA Circle Mall,1.0,2.0
2025-06-09,Agartala,4.0,8.0
2025-06-09,CC2 Rajarhat,6.0,5.0
2025-06-09,City Centre GHY,0.0,2.0
2025-06-09,City Centre SIL,4.0,2.0
2025-06-09,Fairfield,9.0,6.0
2025-06-09,Jorhat,0.0,1.0
2025-06-09,Malda,1.0,3.0
2025-06-09,Mani Square,1.0,1.0
2025-06-09,Roodraksh Mall,1.0,0.0
2025-06-09,Silchar,1.0,5.0
2025-06-09,Siliguri,5.0,12.0
2025-06-09,Siliguri 2,3.0,7.0
2025-06-09,VEGA Circle Mall,0.0,1.0
2025-06-10,Agartala,5.0,4.0
2025-06-10,CC2 Rajarhat,1.0,5.0
2025-06-10,City Centre GHY,1.0,3.0
2025-06-10,City Centre SIL,1.0,3.0
2025-06-10,Fairfield,3.0,3.0
2025-06-10,Jorhat,1.0,2.0
2025-06-10,Malda,1.0,5.0
2025-06-10,Mani Square,0.0,4.0
2025-06-10,Roodraksh Mall,1.0,0.0
2025-06-10,Silchar,0.0,2.0
2025-06-10,Siliguri,0.0,2.0
2025-06-10,Siliguri 2,2.0,4.0
2025-06-10,VEGA Circle Mall,0.0,0.0
2025-06-11,Agartala,0.0,2.0
2025-06-11,CC2 Rajarhat,3.0,10.0
2025-06-11,City Centre GHY,0.0,2.0
2025-06-11,City Centre SIL,2.0,4.0
2025-06-11,Fairfield,1.0,3.0
2025-06-11,Jorhat,2.0,5.0
2025-06-11,Malda,1.0,5.0
2025-06-11,Mani Square,1.0,2.0
2025-06-11,Roodraksh Mall,0.0,1.0
2025-06-11,Silchar,1.0,4.0
2025-06-11,Siliguri,0.0,7.0
2025-06-11,Siliguri 2,0.0,6.0
2025-06-11,VEGA Circle Mall,0.0,0.0
2025-06-12,Agartala,2.0,1.0
2025-06-12,CC2 Rajarhat,1.0,7.0
2025-06-12,City Centre GHY,0.0,1.0
2025-06-12,City Centre SIL,0.0,8.0
2025-06-12,Fairfield,4.0,7.0
2025-06-12,Jorhat,1.0,3.0
2025-06-12,Malda,0.0,4.0
2025-06-12,Mani Square,0.0,2.0
2025-06-12,Roodraksh Mall,0.0,1.0
2025-06-12,Silchar,1.0,3.0
2025-06-12,Siliguri,0.0,5.0
2025-06-12,Siliguri 2,0.0,2.0
2025-06-12,VEGA Circle Mall,1.0,3.0
2025-06-13,Agartala,3.0,5.0
2025-06-13,CC2 Rajarhat,1.0,2.0
2025-06-13,City Centre GHY,1.0,2.0
2025-06-13,City Centre SIL,0.0,1.0
2025-06-13,Fairfield,4.0,3.0
2025-06-13,Jorhat,1.0,1.0
2025-06-13,Malda,0.0,0.0
2025-06-13,Mani Square,1.0,3.0
2025-06-13,Roodraksh Mall,0.0,1.0
2025-06-13,Silchar,1.0,3.0
2025-06-13,Siliguri,0.0,3.0
2025-06-13,Siliguri 2,1.0,1.0
2025-06-13,VEGA Circle Mall,0.0,2.0
2025-06-14,Agartala,2.0,6.0
2025-06-14,CC2 Rajarhat,2.0,4.0
2025-06-14,City Centre GHY,0.0,3.0
2025-06-14,City Centre SIL,0.0,3.0
2025-06-14,Fairfield,5.0,4.0
2025-06-14,Jorhat,2.0,2.0
2025-06-14,Malda,1.0,8.0
2025-06-14,Mani Square,1.0,2.0
2025-06-14,Roodraksh Mall,0.0,1.0
2025-06-14,Silchar,3.0,6.0
2025-06-14,Siliguri,2.0,3.0
2025-06-14,Siliguri 2,3.0,10.0
2025-06-14,VEGA Circle Mall,0.0,0.0
2025-06-15,Agartala,1.0,5.0
2025-06-15,CC2 Rajarhat,3.0,9.0
2025-06-15,City Centre GHY,1.0,5.0
2025-06-15,City Centre SIL,0.0,0.0
2025-06-15,Fairfield,5.0,9.0
2025-06-15,Jorhat,0.0,0.0
2025-06-15,Malda,0.0,2.0
2025-06-15,Mani Square,0.0,2.0
2025-06-15,Roodraksh Mall,0.0,5.0
2025-06-15,Silchar,3.0,2.0
2025-06-15,Siliguri,2.0,4.0
2025-06-15,Siliguri 2,0.0,2.0
2025-06-15,VEGA Circle Mall,2.0,2.0
2025-06-16,Agartala,4.0,6.0
2025-06-16,CC2 Rajarhat,0.0,1.0
2025-06-16,City Centre GHY,1.0,5.0
2025-06-16,City Centre SIL,1.0,2.0
2025-06-16,Fairfield,5.0,4.0
2025-06-16,Jorhat,3.0,2.0
2025-06-16,Malda,0.0,5.0
2025-06-16,Mani Square,1.0,2.0
2025-06-16,Roodraksh Mall,2.0,3.0
2025-06-16,Silchar,2.0,3.0
2025-06-16,Siliguri,2.0,7.0
2025-06-16,Siliguri 2,1.0,3.0
2025-06-16,VEGA Circle Mall,0.0,2.0
2025-06-17,Agartala,2.0,4.0
2025-06-17,CC2 Rajarhat,0.0,6.0
2025-06-17,City Centre GHY,0.0,1.0
2025-06-17,City Centre SIL,0.0,3.0
2025-06-17,Fairfield,2.0,5.0
2025-06-17,Jorhat,1.0,3.0
2025-06-17,Malda,2.0,6.0
2025-06-17,Mani Square,0.0,1.0
2025-06-17,Roodraksh Mall,1.0,2.0
2025-06-17,Silchar,3.0,8.0
2025-06-17,Siliguri,1.0,4.0
2025-06-17,Siliguri 2,0.0,0.0
2025-06-17,VEGA Circle Mall,0.0,0.0
2025-06-18,Agartala,1.0,6.0
2025-06-18,CC2 Rajarhat,1.0,6.0
2025-06-18,City Centre GHY,1.0,5.0
2025-06-18,City Centre SIL,0.0,1.0
2025-06-18,Fairfield,2.0,3.0
2025-06-18,Jorhat,2.0,5.0
2025-06-18,Malda,0.0,5.0
2025-06-18,Mani Square,2.0,2.0
2025-06-18,Roodraksh Mall,0.0,1.0
2025-06-18,Silchar,3.0,6.0
2025-06-18,Siliguri,1.0,8.0
2025-06-18,Siliguri 2,2.0,2.0
2025-06-18,VEGA Circle Mall,0.0,0.0
2025-06-19,Agartala,3.0,4.0
2025-06-19,CC2 Rajarhat,2.0,5.0
2025-06-19,City Centre GHY,0.0,3.0
2025-06-19,City Centre SIL,0.0,2.0
2025-06-19,Fairfield,3.0,4.0
2025-06-19,Jorhat,1.0,1.0
2025-06-19,Malda,0.0,1.0
2025-06-19,Mani Square,1.0,2.0
2025-06-19,Roodraksh Mall,1.0,0.0
2025-06-19,Silchar,2.0,5.0
2025-06-19,Siliguri,1.0,7.0
2025-06-19,Siliguri 2,0.0,5.0
2025-06-19,VEGA Circle Mall,0.0,1.0
2025-06-20,Agartala,2.0,6.0
2025-06-20,CC2 Rajarhat,6.0,5.0
2025-06-20,City Centre GHY,1.0,6.0
2025-06-20,City Centre SIL,0.0,1.0
2025-06-20,Fairfield,2.0,3.0
2025-06-20,Jorhat,2.0,2.0
2025-06-20,Malda,5.0,2.0
2025-06-20,Mani Square,1.0,3.0
2025-06-20,Roodraksh Mall,1.0,2.0
2025-06-20,Silchar,2.0,2.0
2025-06-20,Siliguri,3.0,6.0
2025-06-20,Siliguri 2,2.0,3.0
2025-06-20,VEGA Circle Mall,0.0,1.0
2025-06-21,Agartala,10.0,12.0
2025-06-21,CC2 Rajarhat,3.0,9.0
2025-06-21,City Centre GHY,2.0,8.0
2025-06-21,City Centre SIL,1.0,1.0
2025-06-21,Fairfield,9.0,9.0
2025-06-21,Jorhat,3.0,8.0
2025-06-21,Malda,2.0,2.0
2025-06-21,Mani Square,2.0,4.0
2025-06-21,Roodraksh Mall,1.0,1.0
2025-06-21,Silchar,3.0,4.0
2025-06-21,Siliguri,0.0,5.0
2025-06-21,Siliguri 2,2.0,5.0
2025-06-21,VEGA Circle Mall,0.0,0.0
2025-06-22,Agartala,2.0,3.0
2025-06-22,CC2 Rajarhat,2.0,7.0
2025-06-22,City Centre GHY,0.0,6.0
2025-06-22,City Centre SIL,1.0,1.0
2025-06-22,Fairfield,4.0,5.0
2025-06-22,Jorhat,2.0,3.0
2025-06-22,Malda,0.0,5.0
2025-06-22,Mani Square,1.0,2.0
2025-06-22,Roodraksh Mall,1.0,1.0
2025-06-22,Silchar,2.0,5.0
2025-06-22,Siliguri,1.0,4.0
2025-06-22,Siliguri 2,0.0,1.0
2025-06-22,VEGA Circle Mall,1.0,1.0
2025-06-23,Agartala,2.0,6.0
2025-06-23,CC2 Rajarhat,2.0,4.0
2025-06-23,City Centre GHY,1.0,5.0
2025-06-23,City Centre SIL,0.0,1.0
2025-06-23,Fairfield,2.0,4.0
2025-06-23,Jorhat,0.0,4.0
2025-06-23,Malda,0.0,4.0
2025-06-23,Mani Square,1.0,3.0
2025-06-23,Roodraksh Mall,0.0,2.0
2025-06-23,Silchar,0.0,1.0
2025-06-23,Siliguri,3.0,4.0
2025-06-23,Siliguri 2,1.0,2.0
2025-06-23,VEGA Circle Mall,1.0,3.0
2025-06-24,Agartala,1.0,6.0
2025-06-24,CC2 Rajarhat,3.0,4.0
2025-06-24,City Centre GHY,0.0,3.0
2025-06-24,City Centre SIL,0.0,1.0
2025-06-24,Fairfield,1.0,4.0
2025-06-24,Jorhat,4.0,4.0
2025-06-24,Malda,2.0,14.0
2025-06-24,Mani Square,0.0,0.0
2025-06-24,Roodraksh Mall,0.0,6.0
2025-06-24,Silchar,2.0,2.0
2025-06-24,Siliguri,2.0,7.0
2025-06-24,Siliguri 2,1.0,3.0
2025-06-24,VEGA Circle Mall,1.0,2.0
2025-06-25,Agartala,2.0,5.0
2025-06-25,CC2 Rajarhat,1.0,9.0
2025-06-25,City Centre GHY,0.0,1.0
2025-06-25,City Centre SIL,1.0,2.0
2025-06-25,Fairfield,6.0,6.0
2025-06-25,Jorhat,0.0,1.0
2025-06-25,Malda,4.0,5.0
2025-06-25,Mani Square,2.0,3.0
2025-06-25,Roodraksh Mall,1.0,2.0
2025-06-25,Silchar,2.0,4.0
2025-06-25,Siliguri,1.0,7.0
2025-06-25,Siliguri 2,0.0,2.0
2025-06-25,VEGA Circle Mall,0.0,0.0
2025-06-26,Agartala,4.0,9.0
2025-06-26,CC2 Rajarhat,6.0,7.0
2025-06-26,City Centre GHY,1.0,3.0
2025-06-26,City Centre SIL,0.0,1.0
2025-06-26,Fairfield,4.0,2.0
2025-06-26,Jorhat,2.0,3.0
2025-06-26,Malda,9.0,2.0
2025-06-26,Mani Square,3.0,3.0
2025-06-26,Roodraksh Mall,0.0,1.0
2025-06-26,Silchar,1.0,2.0
2025-06-26,Siliguri,2.0,5.0
2025-06-26,Siliguri 2,1.0,4.0
2025-06-26,VEGA Circle Mall,0.0,1.0
2025-06-27,Agartala,8.0,6.0
2025-06-27,CC2 Rajarhat,4.0,10.0
2025-06-27,City Centre GHY,1.0,3.0
2025-06-27,City Centre SIL,0.0,0.0
2025-06-27,Fairfield,3.0,7.0
2025-06-27,Jorhat,2.0,3.0
2025-06-27,Malda,3.0,8.0
2025-06-27,Mani Square,1.0,5.0
2025-06-27,Roodraksh Mall,0.0,1.0
2025-06-27,Silchar,6.0,4.0
2025-06-27,Siliguri,3.0,4.0
2025-06-27,Siliguri 2,2.0,6.0
2025-06-27,VEGA Circle Mall,0.0,0.0
2025-06-28,Agartala,9.0,6.0
2025-06-28,CC2 Rajarhat,3.0,5.0
2025-06-28,City Centre GHY,2.0,4.0
2025-06-28,City Centre SIL,0.0,2.0
2025-06-28,Fairfield,7.0,13.0
2025-06-28,Jorhat,0.0,6.0
2025-06-28,Malda,5.0,9.0
2025-06-28,Mani Square,1.0,6.0
2025-06-28,Roodraksh Mall,1.0,1.0
2025-06-28,Silchar,8.0,9.0
2025-06-28,Siliguri,4.0,5.0
2025-06-28,Siliguri 2,2.0,2.0
2025-06-28,VEGA Circle Mall,0.0,0.0
2025-06-29,Agartala,3.0,5.0
2025-06-29,CC2 Rajarhat,2.0,9.0
2025-06-29,City Centre GHY,0.0,2.0
2025-06-29,City Centre SIL,1.0,3.0
2025-06-29,Fairfield,5.0,7.0
2025-06-29,Jorhat,0.0,1.0
2025-06-29,Malda,1.0,5.0
2025-06-29,Mani Square,2.0,6.0
2025-06-29,Roodraksh Mall,4.0,6.0
2025-06-29,Silchar,5.0,2.0
2025-06-29,Siliguri,4.0,6.0
2025-06-29,Siliguri 2,3.0,9.0
2025-06-29,VEGA Circle Mall,0.0,1.0
2025-06-30,Agartala,3.0,3.0
2025-06-30,CC2 Rajarhat,2.0,4.0
2025-06-30,City Centre GHY,7.0,6.0
2025-06-30,City Centre SIL,10.0,0.0
2025-06-30,Fairfield,1.0,2.0
2025-06-30,Jorhat,0.0,3.0
2025-06-30,Malda,5.0,17.0
2025-06-30,Mani Square,0.0,4.0
2025-06-30,Roodraksh Mall,10.0,1.0
2025-06-30,Silchar,7.0,1.0
2025-06-30,Siliguri,7.0,3.0
2025-06-30,Siliguri 2,1.0,4.0
2025-06-30,VEGA Circle Mall,0.0,0.0
2025-07-01,Agartala,3.0,8.0
2025-07-01,CC2 Rajarhat,3.0,4.0
2025-07-01,City Centre GHY,1.0,6.0
2025-07-01,City Centre SIL,2.0,2.0
2025-07-01,Fairfield,4.0,8.0
2025-07-01,Jorhat,3.0,4.0
2025-07-01,Malda,4.0,6.0
2025-07-01,Mani Square,0.0,2.0
2025-07-01,Roodraksh Mall,2.0,4.0
2025-07-01,Silchar,5.0,3.0
2025-07-01,Siliguri,1.0,2.0
2025-07-01,Siliguri 2,0.0,3.0
2025-07-01,VEGA Circle Mall,0.0,0.0
2025-07-02,Agartala,6.0,8.0
2025-07-02,CC2 Rajarhat,5.0,4.0
2025-07-02,City Centre GHY,1.0,6.0
2025-07-02,City Centre SIL,2.0,2.0
2025-07-02,Fairfield,1.0,8.0
2025-07-02,Jorhat,1.0,4.0
2025-07-02,Malda,3.0,6.0
2025-07-02,Mani Square,2.0,2.0
2025-07-02,Roodraksh Mall,1.0,4.0
2025-07-02,Silchar,2.0,3.0
2025-07-02,Siliguri,3.0,2.0
2025-07-02,Siliguri 2,5.0,3.0
2025-07-02,VEGA Circle Mall,1.0,0.0
2025-07-03,Agartala,5.0,12.0
2025-07-03,CC2 Rajarhat,1.0,4.0
2025-07-03,City Centre GHY,1.0,4.0
2025-07-03,City Centre SIL,0.0,1.0
2025-07-03,Fairfield,7.0,13.0
2025-07-03,Jorhat,5.0,7.0
2025-07-03,Malda,2.0,7.0
2025-07-03,Mani Square,1.0,2.0
2025-07-03,Roodraksh Mall,0.0,1.0
2025-07-03,Silchar,2.0,3.0
2025-07-03,Siliguri,3.0,7.0
2025-07-03,Siliguri 2,1.0,4.0
2025-07-03,VEGA Circle Mall,0.0,0.0
2025-07-04,Agartala,3.0,14.0
2025-07-04,CC2 Rajarhat,3.0,9.0
2025-07-04,City Centre GHY,2.0,6.0
2025-07-04,City Centre SIL,0.0,1.0
2025-07-04,Fairfield,6.0,6.0
2025-07-04,Jorhat,2.0,5.0
2025-07-04,Malda,1.0,5.0
2025-07-04,Mani Square,1.0,0.0
2025-07-04,Roodraksh Mall,0.0,0.0
2025-07-04,Silchar,7.0,2.0
2025-07-04,Siliguri,1.0,6.0
2025-07-04,Siliguri 2,2.0,2.0
2025-07-04,VEGA Circle Mall,2.0,2.0
2025-07-05,Agartala,5.0,6.0
2025-07-05,CC2 Rajarhat,9.0,15.0
2025-07-05,City Centre GHY,1.0,3.0
2025-07-05,City Centre SIL,0.0,2.0
2025-07-05,Fairfield,9.0,11.0
2025-07-05,Jorhat,3.0,6.0
2025-07-05,Malda,0.0,2.0
2025-07-05,Mani Square,2.0,6.0
2025-07-05,Roodraksh Mall,2.0,5.0
2025-07-05,Silchar,2.0,4.0
2025-07-05,Siliguri,2.0,9.0
2025-07-05,Siliguri 2,0.0,2.0
2025-07-05,VEGA Circle Mall,0.0,1.0
2025-07-06,Agartala,11.0,17.0
2025-07-06,CC2 Rajarhat,1.0,11.0
2025-07-06,City Centre GHY,0.0,3.0
2025-07-06,City Centre SIL,0.0,3.0
2025-07-06,Fairfield,11.0,14.0
2025-07-06,Jorhat,0.0,2.0
2025-07-06,Malda,1.0,2.0
2025-07-06,Mani Square,1.0,5.0
2025-07-06,Roodraksh Mall,1.0,1.0
2025-07-06,Silchar,6.0,6.0
2025-07-06,Siliguri,2.0,10.0
2025-07-06,Siliguri 2,2.0,3.0
2025-07-06,VEGA Circle Mall,1.0,3.0
2025-07-07,Agartala,4.0,4.0
2025-07-07,CC2 Rajarhat,2.0,7.0
2025-07-07,City Centre GHY,0.0,1.0
2025-07-07,City Centre SIL,0.0,2.0
2025-07-07,Fairfield,5.0,7.0
2025-07-07,Jorhat,1.0,2.0
2025-07-07,Malda,2.0,2.0
2025-07-07,Mani Square,0.0,0.0
2025-07-07,Roodraksh Mall,0.0,1.0
2025-07-07,Silchar,4.0,7.0
2025-07-07,Siliguri,1.0,8.0
2025-07-07,Siliguri 2,0.0,4.0
2025-07-07,VEGA Circle Mall,0.0,0.0
2025-07-08,Agartala,2.0,5.0
2025-07-08,CC2 Rajarhat,3.0,9.0
2025-07-08,City Centre GHY,0.0,2.0
2025-07-08,City Centre SIL,1.0,4.0
2025-07-08,Fairfield,7.0,7.0
2025-07-08,Jorhat,2.0,7.0
2025-07-08,Malda,1.0,4.0
2025-07-08,Mani Square,0.0,0.0
2025-07-08,Roodraksh Mall,1.0,1.0
2025-07-08,Silchar,6.0,6.0
2025-07-08,Siliguri,2.0,11.0
2025-07-08,Siliguri 2,0.0,1.0
2025-07-08,VEGA Circle Mall,0.0,0.0
2025-07-09,Agartala,1.0,3.0
2025-07-09,CC2 Rajarhat,4.0,10.0
2025-07-09,City Centre GHY,0.0,4.0
2025-07-09,City Centre SIL,0.0,0.0
2025-07-09,Fairfield,4.0,7.0
2025-07-09,Jorhat,1.0,1.0
2025-07-09,Malda,1.0,2.0
2025-07-09,Mani Square,1.0,2.0
2025-07-09,Roodraksh Mall,1.0,1.0
2025-07-09,Silchar,1.0,4.0
2025-07-09,Siliguri,1.0,3.0
2025-07-09,Siliguri 2,0.0,0.0
2025-07-09,VEGA Circle Mall,0.0,0.0
2025-07-10,Agartala,2.0,3.0
2025-07-10,CC2 Rajarhat,1.0,3.0
2025-07-10,City Centre GHY,0.0,5.0
2025-07-10,City Centre SIL,0.0,1.0
2025-07-10,Fairfield,3.0,5.0
2025-07-10,Jorhat,2.0,4.0
2025-07-10,Malda,1.0,3.0
2025-07-10,Mani Square,1.0,3.0
2025-07-10,Roodraksh Mall,1.0,1.0
2025-07-10,Silchar,8.0,8.0
2025-07-10,Siliguri,1.0,10.0
2025-07-10,Siliguri 2,3.0,6.0
2025-07-10,VEGA Circle Mall,0.0,0.0
2025-07-11,Agartala,4.0,9.0
2025-07-11,CC2 Rajarhat,1.0,5.0
2025-07-11,City Centre GHY,0.0,6.0
2025-07-11,City Centre SIL,0.0,0.0
2025-07-11,Fairfield,4.0,7.0
2025-07-11,Jorhat,0.0,2.0
2025-07-11,Malda,1.0,2.0
2025-07-11,Mani Square,0.0,3.0
2025-07-11,Roodraksh Mall,0.0,1.0
2025-07-11,Silchar,4.0,13.0
2025-07-11,Siliguri,1.0,7.0
2025-07-11,Siliguri 2,0.0,1.0
2025-07-11,VEGA Circle Mall,0.0,1.0
2025-07-12,Agartala,1.0,5.0
2025-07-12,CC2 Rajarhat,3.0,4.0
2025-07-12,City Centre GHY,1.0,4.0
2025-07-12,City Centre SIL,0.0,1.0
2025-07-12,Fairfield,8.0,8.0
2025-07-12,Jorhat,3.0,8.0
2025-07-12,Malda,1.0,4.0
2025-07-12,Mani Square,2.0,6.0
2025-07-12,Roodraksh Mall,1.0,1.0
2025-07-12,Silchar,3.0,5.0
2025-07-12,Siliguri,1.0,8.0
2025-07-12,Siliguri 2,1.0,3.0
2025-07-12,VEGA Circle Mall,1.0,2.0
2025-07-13,Agartala,2.0,4.0
2025-07-13,CC2 Rajarhat,4.0,12.0
2025-07-13,City Centre GHY,2.0,5.0
2025-07-13,City Centre SIL,2.0,4.0
2025-07-13,Fairfield,6.0,13.0
2025-07-13,Jorhat,0.0,2.0
2025-07-13,Malda,3.0,7.0
2025-07-13,Mani Square,1.0,5.0
2025-07-13,Roodraksh Mall,1.0,2.0
2025-07-13,Silchar,4.0,2.0
2025-07-13,Siliguri,1.0,6.0
2025-07-13,Siliguri 2,2.0,4.0
2025-07-13,VEGA Circle Mall,0.0,0.0
2025-07-14,Agartala,2.0,5.0
2025-07-14,CC2 Rajarhat,2.0,9.0
2025-07-14,City Centre GHY,1.0,3.0
2025-07-14,City Centre SIL,0.0,1.0
2025-07-14,Fairfield,1.0,6.0
2025-07-14,Jorhat,1.0,2.0
2025-07-14,Malda,2.0,3.0
2025-07-14,Mani Square,2.0,6.0
2025-07-14,Roodraksh Mall,0.0,0.0
2025-07-14,Silchar,2.0,6.0
2025-07-14,Siliguri,0.0,6.0
2025-07-14,Siliguri 2,0.0,2.0
2025-07-14,VEGA Circle Mall,0.0,1.0
2025-07-15,Agartala,3.0,6.0
2025-07-15,CC2 Rajarhat,5.0,9.0
2025-07-15,City Centre GHY,0.0,5.0
2025-07-15,City Centre SIL,0.0,0.0
2025-07-15,Fairfield,4.0,4.0
2025-07-15,Jorhat,0.0,3.0
2025-07-15,Malda,0.0,0.0
2025-07-15,Mani Square,0.0,1.0
2025-07-15,Roodraksh Mall,0.0,1.0
2025-07-15,Silchar,1.0,2.0
2025-07-15,Siliguri,0.0,5.0
2025-07-15,Siliguri 2,0.0,2.0
2025-07-15,VEGA Circle Mall,0.0,0.0
2025-07-16,Agartala,3.0,7.0
2025-07-16,CC2 Rajarhat,2.0,6.0
2025-07-16,City Centre GHY,0.0,2.0
2025-07-16,City Centre SIL,0.0,1.0
2025-07-16,Fairfield,1.0,5.0
2025-07-16,Jorhat,1.0,4.0
2025-07-16,Malda,0.0,4.0
2025-07-16,Mani Square,0.0,1.0
2025-07-16,Roodraksh Mall,0.0,2.0
2025-07-16,Silchar,0.0,2.0
2025-07-16,Siliguri,0.0,2.0
2025-07-16,Siliguri 2,1.0,5.0
2025-07-16,VEGA Circle Mall,0.0,0.0
2025-07-17,Agartala,7.0,5.0
2025-07-17,CC2 Rajarhat,3.0,9.0
2025-07-17,City Centre GHY,1.0,4.0
2025-07-17,City Centre SIL,0.0,0.0
2025-07-17,Fairfield,2.0,5.0
2025-07-17,Jorhat,0.0,3.0
2025-07-17,Malda,1.0,6.0
2025-07-17,Mani Square,0.0,2.0
2025-07-17,Roodraksh Mall,1.0,1.0
2025-07-17,Silchar,3.0,5.0
2025-07-17,Siliguri,0.0,8.0
2025-07-17,Siliguri 2,1.0,2.0
2025-07-17,VEGA Circle Mall,1.0,1.0
2025-07-18,Agartala,3.0,5.0
2025-07-18,CC2 Rajarhat,1.0,7.0
2025-07-18,City Centre GHY,1.0,5.0
2025-07-18,City Centre SIL,0.0,1.0
2025-07-18,Fairfield,1.0,6.0
2025-07-18,Jorhat,1.0,2.0
2025-07-18,Malda,2.0,4.0
2025-07-18,Mani Square,1.0,3.0
2025-07-18,Roodraksh Mall,1.0,3.0
2025-07-18,Silchar,2.0,4.0
2025-07-18,Siliguri,2.0,6.0
2025-07-18,Siliguri 2,0.0,0.0
2025-07-18,VEGA Circle Mall,0.0,1.0
2025-07-19,Agartala,3.0,5.0
2025-07-19,CC2 Rajarhat,4.0,15.0
2025-07-19,City Centre GHY,0.0,5.0
2025-07-19,City Centre SIL,1.0,
2025-07-19,Fairfield,8.0,19.0
2025-07-19,Jorhat,1.0,7.0
2025-07-19,Malda,1.0,3.0
2025-07-19,Mani Square,0.0,4.0
2025-07-19,Roodraksh Mall,1.0,2.0
2025-07-19,Silchar,2.0,2.0
2025-07-19,Siliguri,2.0,14.0
2025-07-19,Siliguri 2,1.0,3.0
2025-07-19,VEGA Circle Mall,1.0,1.0
2025-07-20,Agartala,1.0,8.0
2025-07-20,CC2 Rajarhat,6.0,14.0
2025-07-20,City Centre GHY,1.0,7.0
2025-07-20,City Centre SIL,0.0,2.0
2025-07-20,Fairfield,9.0,10.0
2025-07-20,Jorhat,0.0,4.0
2025-07-20,Malda,0.0,3.0
2025-07-20,Mani Square,4.0,8.0
2025-07-20,Roodraksh Mall,1.0,1.0
2025-07-20,Silchar,4.0,4.0
2025-07-20,Siliguri,0.0,6.0
2025-07-20,Siliguri 2,3.0,4.0
2025-07-20,VEGA Circle Mall,0.0,0.0
2025-07-21,Agartala,0.0,5.0
2025-07-21,CC2 Rajarhat,0.0,4.0
2025-07-21,City Centre GHY,0.0,3.0
2025-07-21,City Centre SIL,0.0,3.0
2025-07-21,Fairfield,6.0,10.0
2025-07-21,Jorhat,0.0,4.0
2025-07-21,Malda,1.0,8.0
2025-07-21,Mani Square,1.0,2.0
2025-07-21,Roodraksh Mall,0.0,1.0
2025-07-21,Silchar,5.0,7.0
2025-07-21,Siliguri,0.0,8.0
2025-07-21,Siliguri 2,2.0,4.0
2025-07-21,VEGA Circle Mall,1.0,1.0
2025-07-22,Agartala,1.0,6.0
2025-07-22,CC2 Rajarhat,3.0,10.0
2025-07-22,City Centre GHY,0.0,4.0
2025-07-22,City Centre SIL,0.0,1.0
2025-07-22,Fairfield,5.0,10.0
2025-07-22,Jorhat,1.0,2.0
2025-07-22,Malda,0.0,3.0
2025-07-22,Mani Square,2.0,2.0
2025-07-22,Roodraksh Mall,1.0,1.0
2025-07-22,Silchar,2.0,4.0
2025-07-22,Siliguri,2.0,5.0
2025-07-22,Siliguri 2,0.0,2.0
2025-07-22,VEGA Circle Mall,0.0,1.0
2025-07-23,Agartala,1.0,4.0
2025-07-23,CC2 Rajarhat,1.0,10.0
2025-07-23,City Centre GHY,0.0,6.0
2025-07-23,City Centre SIL,0.0,2.0
2025-07-23,Fairfield,0.0,10.0
2025-07-23,Jorhat,1.0,2.0
2025-07-23,Malda,0.0,1.0
2025-07-23,Mani Square,0.0,2.0
2025-07-23,Roodraksh Mall,0.0,0.0
2025-07-23,Silchar,2.0,3.0
2025-07-23,Siliguri,2.0,10.0
2025-07-23,Siliguri 2,2.0,5.0
2025-07-23,VEGA Circle Mall,0.0,1.0
2025-07-24,Agartala,1.0,6.0
2025-07-24,CC2 Rajarhat,0.0,8.0
2025-07-24,City Centre GHY,1.0,2.0
2025-07-24,City Centre SIL,0.0,0.0
2025-07-24,Fairfield,2.0,14.0
2025-07-24,Jorhat,1.0,3.0
2025-07-24,Malda,0.0,3.0
2025-07-24,Mani Square,0.0,1.0
2025-07-24,Roodraksh Mall,0.0,5.0
2025-07-24,Silchar,2.0,1.0
2025-07-24,Siliguri,0.0,7.0
2025-07-24,Siliguri 2,1.0,2.0
2025-07-24,VEGA Circle Mall,1.0,3.0
2025-07-25,Agartala,1.0,4.0
2025-07-25,CC2 Rajarhat,1.0,5.0
2025-07-25,City Centre GHY,1.0,6.0
2025-07-25,City Centre SIL,0.0,1.0
2025-07-25,Fairfield,2.0,9.0
2025-07-25,Jorhat,2.0,2.0
2025-07-25,Malda,2.0,6.0
2025-07-25,Mani Square,0.0,5.0
2025-07-25,Roodraksh Mall,1.0,2.0
2025-07-25,Silchar,6.0,8.0
2025-07-25,Siliguri,0.0,13.0
2025-07-25,Siliguri 2,2.0,3.0
2025-07-25,VEGA Circle Mall,0.0,1.0
2025-07-26,Agartala,2.0,8.0
2025-07-26,CC2 Rajarhat,5.0,11.0
2025-07-26,City Centre GHY,0.0,5.0
2025-07-26,City Centre SIL,0.0,3.0
2025-07-26,Fairfield,9.0,12.0
2025-07-26,Jorhat,4.0,3.0
2025-07-26,Malda,0.0,5.0
2025-07-26,Mani Square,1.0,4.0
2025-07-26,Roodraksh Mall,1.0,3.0
2025-07-26,Silchar,2.0,4.0
2025-07-26,Siliguri,1.0,8.0
2025-07-26,Siliguri 2,1.0,5.0
2025-07-26,VEGA Circle Mall,0.0,0.0
2025-07-27,Agartala,2.0,7.0
2025-07-27,CC2 Rajarhat,10.0,15.0
2025-07-27,City Centre GHY,1.0,9.0
2025-07-27,City Centre SIL,1.0,2.0
2025-07-27,Fairfield,6.0,7.0
2025-07-27,Jorhat,2.0,1.0
2025-07-27,Malda,1.0,4.0
2025-07-27,Mani Square,2.0,8.0
2025-07-27,Roodraksh Mall,1.0,3.0
2025-07-27,Silchar,2.0,1.0
2025-07-27,Siliguri,0.0,15.0
2025-07-27,Siliguri 2,1.0,2.0
2025-07-27,VEGA Circle Mall,0.0,0.0
2025-07-28,Agartala,2.0,8.0
2025-07-28,CC2 Rajarhat,1.0,2.0
2025-07-28,City Centre GHY,1.0,7.0
2025-07-28,City Centre SIL,1.0,1.0
2025-07-28,Fairfield,4.0,8.0
2025-07-28,Jorhat,2.0,2.0
2025-07-28,Malda,0.0,3.0
2025-07-28,Mani Square,0.0,3.0
2025-07-28,Roodraksh Mall,0.0,3.0
2025-07-28,Silchar,1.0,3.0
2025-07-28,Siliguri,0.0,9.0
2025-07-28,Siliguri 2,1.0,2.0
2025-07-28,VEGA Circle Mall,0.0,1.0
2025-07-29,Agartala,0.0,3.0
2025-07-29,CC2 Rajarhat,2.0,5.0
2025-07-29,City Centre GHY,0.0,3.0
2025-07-29,City Centre SIL,0.0,1.0
2025-07-29,Fairfield,1.0,5.0
2025-07-29,Jorhat,2.0,2.0
2025-07-29,Malda,3.0,6.0
2025-07-29,Mani Square,1.0,4.0
2025-07-29,Roodraksh Mall,1.0,1.0
2025-07-29,Silchar,5.0,5.0
2025-07-29,Siliguri,0.0,6.0
2025-07-29,Siliguri 2,0.0,1.0
2025-07-29,VEGA Circle Mall,0.0,3.0
2025-07-30,Agartala,1.0,12.0
2025-07-30,CC2 Rajarhat,1.0,5.0
2025-07-30,City Centre GHY,0.0,6.0
2025-07-30,City Centre SIL,0.0,2.0
2025-07-30,Fairfield,2.0,5.0
2025-07-30,Jorhat,3.0,4.0
2025-07-30,Malda,4.0,5.0
2025-07-30,Mani Square,2.0,2.0
2025-07-30,Roodraksh Mall,0.0,1.0
2025-07-30,Silchar,4.0,3.0
2025-07-30,Siliguri,0.0,5.0
2025-07-30,Siliguri 2,1.0,2.0
2025-07-30,VEGA Circle Mall,0.0,1.0
2025-07-31,Agartala,3.0,7.0
2025-07-31,CC2 Rajarhat,0.0,5.0
2025-07-31,City Centre GHY,0.0,4.0
2025-07-31,City Centre SIL,12.0,1.0
2025-07-31,Fairfield,3.0,7.0
2025-07-31,Jorhat,1.0,2.0
2025-07-31,Malda,7.0,0.0
2025-07-31,Mani Square,2.0,5.0
2025-07-31,Roodraksh Mall,0.0,1.0
2025-07-31,Silchar,1.0,3.0
2025-07-31,Siliguri,0.0,5.0
2025-07-31,Siliguri 2,1.0,4.0
2025-07-31,VEGA Circle Mall,0.0,0.0
2025-08-01,Agartala,6.0,11.0
2025-08-01,CC2 Rajarhat,3.0,7.0
2025-08-01,City Centre GHY,0.0,4.0
2025-08-01,City Centre SIL,1.0,4.0
2025-08-01,Fairfield,6.0,7.0
2025-08-01,Jorhat,2.0,3.0
2025-08-01,Malda,3.0,8.0
2025-08-01,Mani Square,1.0,4.0
2025-08-01,Roodraksh Mall,1.0,2.0
2025-08-01,Silchar,2.0,5.0
2025-08-01,Siliguri,1.0,9.0
2025-08-01,Siliguri 2,0.0,1.0
2025-08-01,VEGA Circle Mall,1.0,1.0
2025-08-02,Agartala,6.0,9.0
2025-08-02,CC2 Rajarhat,3.0,20.0
2025-08-02,City Centre GHY,0.0,6.0
2025-08-02,City Centre SIL,0.0,5.0
2025-08-02,Fairfield,13.0,16.0
2025-08-02,Jorhat,4.0,2.0
2025-08-02,Malda,2.0,9.0
2025-08-02,Mani Square,2.0,6.0
2025-08-02,Roodraksh Mall,1.0,1.0
2025-08-02,Silchar,1.0,1.0
2025-08-02,Siliguri,2.0,13.0
2025-08-02,Siliguri 2,2.0,4.0
2025-08-02,VEGA Circle Mall,1.0,1.0
2025-08-03,Agartala,5.0,12.0
2025-08-03,CC2 Rajarhat,1.0,13.0
2025-08-03,City Centre GHY,0.0,1.0
2025-08-03,City Centre SIL,1.0,3.0
2025-08-03,Fairfield,8.0,17.0
2025-08-03,Jorhat,2.0,2.0
2025-08-03,Malda,2.0,5.0
2025-08-03,Mani Square,2.0,8.0
2025-08-03,Roodraksh Mall,1.0,1.0
2025-08-03,Silchar,5.0,5.0
2025-08-03,Siliguri,1.0,14.0
2025-08-03,Siliguri 2,2.0,1.0
2025-08-03,VEGA Circle Mall,3.0,4.0
2025-08-04,Agartala,1.0,1.0
2025-08-04,CC2 Rajarhat,2.0,5.0
2025-08-04,City Centre GHY,0.0,1.0
2025-08-04,City Centre SIL,0.0,1.0
2025-08-04,Fairfield,3.0,7.0
2025-08-04,Jorhat,1.0,2.0
2025-08-04,Malda,1.0,1.0
2025-08-04,Mani Square,0.0,7.0
2025-08-04,Roodraksh Mall,1.0,1.0
2025-08-04,Silchar,0.0,0.0
2025-08-04,Siliguri,0.0,7.0
2025-08-04,Siliguri 2,0.0,3.0
2025-08-04,VEGA Circle Mall,0.0,1.0
2025-08-05,Agartala,2.0,3.0
2025-08-05,CC2 Rajarhat,1.0,2.0
2025-08-05,City Centre GHY,1.0,4.0
2025-08-05,City Centre SIL,0.0,6.0
2025-08-05,Fairfield,6.0,11.0
2025-08-05,Jorhat,2.0,2.0
2025-08-05,Malda,1.0,1.0
2025-08-05,Mani Square,0.0,3.0
2025-08-05,Roodraksh Mall,0.0,1.0
2025-08-05,Silchar,2.0,4.0
2025-08-05,Siliguri,0.0,8.0
2025-08-05,Siliguri 2,0.0,1.0
2025-08-05,VEGA Circle Mall,0.0,0.0
2025-08-06,Agartala,2.0,9.0
2025-08-06,CC2 Rajarhat,0.0,5.0
2025-08-06,City Centre GHY,0.0,4.0
2025-08-06,City Centre SIL,1.0,4.0
2025-08-06,Fairfield,5.0,5.0
2025-08-06,Jorhat,1.0,3.0
2025-08-06,Malda,0.0,1.0
2025-08-06,Mani Square,1.0,3.0
2025-08-06,Roodraksh Mall,0.0,2.0
2025-08-06,Silchar,1.0,6.0
2025-08-06,Siliguri,1.0,11.0
2025-08-06,Siliguri 2,1.0,2.0
2025-08-06,VEGA Circle Mall,0.0,0.0
2025-08-07,Agartala,2.0,5.0
2025-08-07,CC2 Rajarhat,3.0,11.0
2025-08-07,City Centre GHY,0.0,3.0
2025-08-07,City Centre SIL,0.0,1.0
2025-08-07,Fairfield,4.0,8.0
2025-08-07,Jorhat,2.0,5.0
2025-08-07,Malda,4.0,8.0
2025-08-07,Mani Square,0.0,5.0
2025-08-07,Roodraksh Mall,0.0,4.0
2025-08-07,Silchar,0.0,1.0
2025-08-07,Siliguri,1.0,9.0
2025-08-07,Siliguri 2,1.0,5.0
2025-08-07,VEGA Circle Mall,0.0,0.0
2025-08-08,Agartala,4.0,7.0
2025-08-08,CC2 Rajarhat,0.0,12.0
2025-08-08,City Centre GHY,2.0,2.0
2025-08-08,City Centre SIL,0.0,1.0
2025-08-08,Fairfield,5.0,8.0
2025-08-08,Jorhat,0.0,2.0
2025-08-08,Malda,2.0,3.0
2025-08-08,Mani Square,1.0,11.0
2025-08-08,Roodraksh Mall,0.0,0.0
2025-08-08,Silchar,2.0,5.0
2025-08-08,Siliguri,0.0,11.0
2025-08-08,Siliguri 2,3.0,2.0
2025-08-08,VEGA Circle Mall,0.0,3.0
2025-08-09,Agartala,8.0,11.0
2025-08-09,CC2 Rajarhat,3.0,9.0
2025-08-09,City Centre GHY,0.0,2.0
2025-08-09,City Centre SIL,0.0,3.0
2025-08-09,Fairfield,14.0,15.0
2025-08-09,Jorhat,3.0,7.0
2025-08-09,Malda,1.0,5.0
2025-08-09,Mani Square,0.0,2.0
2025-08-09,Roodraksh Mall,1.0,2.0
2025-08-09,Silchar,0.0,1.0
2025-08-09,Siliguri,1.0,6.0
2025-08-09,Siliguri 2,1.0,2.0
2025-08-09,VEGA Circle Mall,0.0,1.0
2025-08-10,Agartala,1.0,3.0
2025-08-10,CC2 Rajarhat,1.0,6.0
2025-08-10,City Centre GHY,1.0,5.0
2025-08-10,City Centre SIL,0.0,1.0
2025-08-10,Fairfield,5.0,11.0
2025-08-10,Jorhat,1.0,1.0
2025-08-10,Malda,0.0,8.0
2025-08-10,Mani Square,0.0,3.0
2025-08-10,Roodraksh Mall,0.0,2.0
2025-08-10,Silchar,1.0,1.0
2025-08-10,Siliguri,2.0,12.0
2025-08-10,Siliguri 2,4.0,6.0
2025-08-10,VEGA Circle Mall,1.0,1.0
2025-08-11,Agartala,0.0,5.0
2025-08-11,CC2 Rajarhat,3.0,6.0
2025-08-11,City Centre GHY,0.0,1.0
2025-08-11,City Centre SIL,0.0,2.0
2025-08-11,Fairfield,3.0,6.0
2025-08-11,Jorhat,2.0,1.0
2025-08-11,Malda,1.0,4.0
2025-08-11,Mani Square,0.0,3.0
2025-08-11,Roodraksh Mall,1.0,1.0
2025-08-11,Silchar,1.0,1.0
2025-08-11,Siliguri,1.0,6.0
2025-08-11,Siliguri 2,0.0,3.0
2025-08-11,VEGA Circle Mall,0.0,0.0
2025-08-12,Agartala,0.0,9.0
2025-08-12,CC2 Rajarhat,0.0,8.0
2025-08-12,City Centre GHY,4.0,2.0
2025-08-12,City Centre SIL,0.0,2.0
2025-08-12,Fairfield,9.0,10.0
2025-08-12,Jorhat,0.0,1.0
2025-08-12,Malda,0.0,6.0
2025-08-12,Mani Square,0.0,3.0
2025-08-12,Roodraksh Mall,0.0,2.0
2025-08-12,Silchar,2.0,2.0
2025-08-12,Siliguri,1.0,7.0
2025-08-12,Siliguri 2,1.0,3.0
2025-08-12,VEGA Circle Mall,0.0,0.0
2025-08-13,Agartala,2.0,8.0
2025-08-13,CC2 Rajarhat,0.0,9.0
2025-08-13,City Centre GHY,3.0,3.0
2025-08-13,City Centre SIL,4.0,2.0
2025-08-13,Fairfield,1.0,6.0
2025-08-13,Jorhat,2.0,4.0
2025-08-13,Malda,2.0,6.0
2025-08-13,Mani Square,0.0,7.0
2025-08-13,Roodraksh Mall,0.0,4.0
2025-08-13,Silchar,1.0,5.0
2025-08-13,Siliguri,0.0,8.0
2025-08-13,Siliguri 2,1.0,3.0
2025-08-13,VEGA Circle Mall,0.0,1.0
2025-08-14,Agartala,1.0,4.0
2025-08-14,CC2 Rajarhat,2.0,4.0
2025-08-14,City Centre GHY,1.0,3.0
2025-08-14,City Centre SIL,0.0,1.0
2025-08-14,Fairfield,2.0,8.0
2025-08-14,Jorhat,2.0,4.0
2025-08-14,Malda,1.0,5.0
2025-08-14,Mani Square,0.0,3.0
2025-08-14,Roodraksh Mall,1.0,5.0
2025-08-14,Silchar,1.0,7.0
2025-08-14,Siliguri,2.0,6.0
2025-08-14,Siliguri 2,2.0,4.0
2025-08-14,VEGA Circle Mall,0.0,1.0
2025-08-15,Agartala,4.0,8.0
2025-08-15,CC2 Rajarhat,4.0,24.0
2025-08-15,City Centre GHY,3.0,7.0
2025-08-15,City Centre SIL,0.0,2.0
2025-08-15,Fairfield,9.0,13.0
2025-08-15,Jorhat,3.0,4.0
2025-08-15,Malda,3.0,6.0
2025-08-15,Mani Square,1.0,13.0
2025-08-15,Roodraksh Mall,0.0,1.0
2025-08-15,Silchar,1.0,1.0
2025-08-15,Siliguri,2.0,13.0
2025-08-15,Siliguri 2,4.0,7.0
2025-08-15,VEGA Circle Mall,0.0,1.0
2025-08-16,Agartala,0.0,4.0
2025-08-16,CC2 Rajarhat,2.0,5.0
2025-08-16,City Centre GHY,1.0,10.0
2025-08-16,City Centre SIL,0.0,4.0
2025-08-16,Fairfield,11.0,15.0
2025-08-16,Jorhat,7.0,6.0
2025-08-16,Malda,2.0,6.0
2025-08-16,Mani Square,0.0,13.0
2025-08-16,Roodraksh Mall,0.0,3.0
2025-08-16,Silchar,3.0,5.0
2025-08-16,Siliguri,0.0,10.0
2025-08-16,Siliguri 2,0.0,2.0
2025-08-16,VEGA Circle Mall,0.0,0.0
2025-08-17,Agartala,0.0,6.0
2025-08-17,CC2 Rajarhat,9.0,20.0
2025-08-17,City Centre GHY,4.0,11.0
2025-08-17,City Centre SIL,1.0,6.0
2025-08-17,Fairfield,4.0,9.0
2025-08-17,Jorhat,2.0,3.0
2025-08-17,Malda,0.0,2.0
2025-08-17,Mani Square,0.0,6.0
2025-08-17,Roodraksh Mall,0.0,1.0
2025-08-17,Silchar,1.0,3.0
2025-08-17,Siliguri,0.0,11.0
2025-08-17,Siliguri 2,2.0,2.0
2025-08-17,VEGA Circle Mall,0.0,0.0
2025-08-18,Agartala,0.0,2.0
2025-08-18,CC2 Rajarhat,3.0,3.0
2025-08-18,City Centre GHY,0.0,3.0
2025-08-18,City Centre SIL,0.0,3.0
2025-08-18,Fairfield,4.0,7.0
2025-08-18,Jorhat,1.0,3.0
2025-08-18,Malda,0.0,4.0
2025-08-18,Mani Square,0.0,1.0
2025-08-18,Roodraksh Mall,0.0,1.0
2025-08-18,Silchar,1.0,3.0
2025-08-18,Siliguri,1.0,10.0
2025-08-18,Siliguri 2,2.0,4.0
2025-08-18,VEGA Circle Mall,0.0,1.0
2025-08-19,Agartala,2.0,4.0
2025-08-19,CC2 Rajarhat,4.0,8.0
2025-08-19,City Centre GHY,0.0,2.0
2025-08-19,City Centre SIL,0.0,2.0
2025-08-19,Fairfield,2.0,7.0
2025-08-19,Jorhat,3.0,3.0
2025-08-19,Malda,0.0,13.0
2025-08-19,Mani Square,2.0,5.0
2025-08-19,Roodraksh Mall,0.0,1.0
2025-08-19,Silchar,1.0,3.0
2025-08-19,Siliguri,1.0,5.0
2025-08-19,Siliguri 2,1.0,0.0
2025-08-19,VEGA Circle Mall,0.0,0.0
2025-08-20,Agartala,2.0,8.0
2025-08-20,CC2 Rajarhat,4.0,7.0
2025-08-20,City Centre GHY,0.0,1.0
2025-08-20,City Centre SIL,0.0,2.0
2025-08-20,Fairfield,4.0,9.0
2025-08-20,Jorhat,1.0,4.0
2025-08-20,Malda,2.0,7.0
2025-08-20,Mani Square,0.0,6.0
2025-08-20,Roodraksh Mall,1.0,1.0
2025-08-20,Silchar,3.0,8.0
2025-08-20,Siliguri,0.0,8.0
2025-08-20,Siliguri 2,0.0,1.0
2025-08-20,VEGA Circle Mall,0.0,1.0
2025-08-21,Agartala,2.0,4.0
2025-08-21,CC2 Rajarhat,2.0,12.0
2025-08-21,City Centre GHY,3.0,2.0
2025-08-21,City Centre SIL,0.0,0.0
2025-08-21,Fairfield,2.0,3.0
2025-08-21,Jorhat,2.0,3.0
2025-08-21,Malda,2.0,2.0
2025-08-21,Mani Square,1.0,3.0
2025-08-21,Roodraksh Mall,3.0,3.0
2025-08-21,Silchar,1.0,5.0
2025-08-21,Siliguri,3.0,8.0
2025-08-21,Siliguri 2,1.0,2.0
2025-08-21,VEGA Circle Mall,2.0,1.0
2025-08-22,Agartala,3.0,5.0
2025-08-22,CC2 Rajarhat,3.0,14.0
2025-08-22,City Centre GHY,1.0,2.0
2025-08-22,City Centre SIL,0.0,1.0
2025-08-22,Fairfield,3.0,13.0
2025-08-22,Jorhat,1.0,4.0
2025-08-22,Malda,0.0,3.0
2025-08-22,Mani Square,1.0,5.0
2025-08-22,Roodraksh Mall,1.0,6.0
2025-08-22,Silchar,1.0,2.0
2025-08-22,Siliguri 2,5.0,4.0
2025-08-22,VEGA Circle Mall,0.0,0.0
2025-08-23,Agartala,0.0,4.0
2025-08-23,CC2 Rajarhat,8.0,20.0
2025-08-23,City Centre GHY,2.0,4.0
2025-08-23,City Centre SIL,2.0,3.0
2025-08-23,Fairfield,6.0,12.0
2025-08-23,Jorhat,2.0,6.0
2025-08-23,Malda,2.0,11.0
2025-08-23,Mani Square,2.0,8.0
2025-08-23,Roodraksh Mall,1.0,2.0
2025-08-23,Silchar,0.0,6.0
2025-08-23,Siliguri 2,2.0,8.0
2025-08-23,VEGA Circle Mall,1.0,4.0
2025-08-24,Agartala,2.0,6.0
2025-08-24,CC2 Rajarhat,9.0,21.0
2025-08-24,City Centre GHY,1.0,11.0
2025-08-24,City Centre SIL,1.0,3.0
2025-08-24,Fairfield,14.0,7.0
2025-08-24,Jorhat,0.0,4.0
2025-08-24,Malda,0.0,2.0
2025-08-24,Mani Square,1.0,8.0
2025-08-24,Roodraksh Mall,2.0,4.0
2025-08-24,Silchar,2.0,6.0
2025-08-24,Siliguri,4.0,23.0
2025-08-24,Siliguri 2,3.0,6.0
2025-08-24,VEGA Circle Mall,1.0,1.0
2025-08-25,Agartala,1.0,9.0
2025-08-25,CC2 Rajarhat,11.0,7.0
2025-08-25,City Centre GHY,0.0,10.0
2025-08-25,City Centre SIL,0.0,1.0
2025-08-25,Fairfield,2.0,11.0
2025-08-25,Jorhat,2.0,8.0
2025-08-25,Malda,1.0,2.0
2025-08-25,Mani Square,2.0,3.0
2025-08-25,Roodraksh Mall,1.0,4.0
2025-08-25,Silchar,1.0,5.0
2025-08-25,Siliguri,1.0,17.0
2025-08-25,Siliguri 2,2.0,6.0
2025-08-25,VEGA Circle Mall,0.0,0.0
2025-08-26,Agartala,4.0,14.0
2025-08-26,CC2 Rajarhat,5.0,12.0
2025-08-26,City Centre GHY,0.0,5.0
2025-08-26,City Centre SIL,0.0,1.0
2025-08-26,Fairfield,2.0,5.0
2025-08-26,Jorhat,0.0,3.0
2025-08-26,Malda,0.0,4.0
2025-08-26,Mani Square,1.0,7.0
2025-08-26,Roodraksh Mall,0.0,0.0
2025-08-26,Silchar,1.0,4.0
2025-08-26,Siliguri,0.0,7.0
2025-08-26,Siliguri 2,1.0,1.0
2025-08-26,VEGA Circle Mall,0.0,1.0
2025-08-27,Agartala,2.0,4.0
2025-08-27,CC2 Rajarhat,2.0,8.0
2025-08-27,City Centre GHY,0.0,4.0
2025-08-27,City Centre SIL,1.0,4.0
2025-08-27,Fairfield,6.0,8.0
2025-08-27,Jorhat,1.0,5.0
2025-08-27,Malda,13.0,7.0
2025-08-27,Mani Square,1.0,7.0
2025-08-27,Roodraksh Mall,1.0,1.0
2025-08-27,Silchar,2.0,5.0
2025-08-27,Siliguri,2.0,11.0
2025-08-27,Siliguri 2,1.0,4.0
2025-08-27,VEGA Circle Mall,0.0,2.0
2025-08-28,Agartala,2.0,7.0
2025-08-28,CC2 Rajarhat,4.0,5.0
2025-08-28,City Centre GHY,0.0,3.0
2025-08-28,City Centre SIL,2.0,6.0
2025-08-28,Fairfield,0.0,4.0
2025-08-28,Jorhat,3.0,7.0
2025-08-28,Malda,5.0,6.0
2025-08-28,Mani Square,0.0,4.0
2025-08-28,Roodraksh Mall,0.0,0.0
2025-08-28,Silchar,2.0,4.0
2025-08-28,Siliguri,1.0,11.0
2025-08-28,Siliguri 2,2.0,9.0
2025-08-28,VEGA Circle Mall,0.0,0.0
2025-08-29,Agartala,6.0,10.0
2025-08-29,CC2 Rajarhat,5.0,10.0
2025-08-29,City Centre GHY,0.0,5.0
2025-08-29,City Centre SIL,1.0,1.0
2025-08-29,Fairfield,7.0,7.0
2025-08-29,Jorhat,1.0,4.0
2025-08-29,Malda,2.0,12.0
2025-08-29,Mani Square,1.0,6.0
2025-08-29,Roodraksh Mall,1.0,2.0
2025-08-29,Silchar,3.0,6.0
2025-08-29,Siliguri,1.0,9.0
2025-08-29,Siliguri 2,0.0,4.0
2025-08-29,VEGA Circle Mall,0.0,0.0
2025-08-30,Agartala,2.0,5.0
2025-08-30,CC2 Rajarhat,7.0,18.0
2025-08-30,City Centre GHY,0.0,9.0
2025-08-30,City Centre SIL,0.0,2.0
2025-08-30,Fairfield,8.0,12.0
2025-08-30,Jorhat,1.0,7.0
2025-08-30,Malda,2.0,9.0
2025-08-30,Mani Square,3.0,9.0
2025-08-30,Roodraksh Mall,1.0,4.0
2025-08-30,Silchar,2.0,7.0
2025-08-30,Siliguri,1.0,12.0
2025-08-30,Siliguri 2,2.0,5.0
2025-08-30,VEGA Circle Mall,2.0,2.0
2025-08-31,Agartala,4.0,20.0
2025-08-31,CC2 Rajarhat,7.0,27.0
2025-08-31,City Centre GHY,1.0,9.0
2025-08-31,City Centre SIL,21.0,7.0
2025-08-31,Fairfield,6.0,21.0
2025-08-31,Jorhat,6.0,5.0
2025-08-31,Malda,1.0,12.0
2025-08-31,Mani Square,3.0,10.0
2025-08-31,Roodraksh Mall,1.0,4.0
2025-08-31,Silchar,4.0,5.0
2025-08-31,Siliguri,2.0,25.0
2025-08-31,Siliguri 2,3.0,6.0
2025-08-31,VEGA Circle Mall,2.0,3.0
2025-09-01,Agartala,0.0,8.0
2025-09-01,CC2 Rajarhat,6.0,8.0
2025-09-01,City Centre GHY,1.0,6.0
2025-09-01,City Centre SIL,2.0,3.0
2025-09-01,Fairfield,5.0,11.0
2025-09-01,Jorhat,3.0,3.0
2025-09-01,Malda,1.0,13.0
2025-09-01,Mani Square,0.0,4.0
2025-09-01,Roodraksh Mall,1.0,1.0
2025-09-01,Silchar,2.0,3.0
2025-09-01,Siliguri,2.0,15.0
2025-09-01,Siliguri 2,2.0,10.0
2025-09-01,VEGA Circle Mall,0.0,0.0
2025-09-02,Agartala,0.0,5.0
2025-09-02,CC2 Rajarhat,3.0,12.0
2025-09-02,City Centre GHY,0.0,6.0
2025-09-02,City Centre SIL,1.0,2.0
2025-09-02,Fairfield,4.0,17.0
2025-09-02,Jorhat,1.0,5.0
2025-09-02,Malda,2.0,7.0
2025-09-02,Mani Square,0.0,8.0
2025-09-02,Roodraksh Mall,1.0,1.0
2025-09-02,Silchar,2.0,7.0
2025-09-02,Siliguri,1.0,5.0
2025-09-02,Siliguri 2,1.0,2.0
2025-09-02,VEGA Circle Mall,0.0,0.0
2025-09-03,Agartala,1.0,16.0
2025-09-03,CC2 Rajarhat,1.0,8.0
2025-09-03,City Centre GHY,1.0,10.0
2025-09-03,City Centre SIL,0.0,
2025-09-03,Fairfield,5.0,12.0
2025-09-03,Jorhat,1.0,5.0
2025-09-03,Malda,3.0,14.0
2025-09-03,Mani Square,3.0,5.0
2025-09-03,Roodraksh Mall,0.0,3.0
2025-09-03,Silchar,2.0,8.0
2025-09-03,Siliguri,0.0,19.0
2025-09-03,Siliguri 2,0.0,
2025-09-03,VEGA Circle Mall,0.0,1.0
2025-09-04,Agartala,2.0,14.0
2025-09-04,CC2 Rajarhat,5.0,14.0
2025-09-04,City Centre GHY,0.0,6.0
2025-09-04,City Centre SIL,2.0,3.0
2025-09-04,Fairfield,2.0,5.0
2025-09-04,Jorhat,2.0,4.0
2025-09-04,Malda,0.0,9.0
2025-09-04,Mani Square,3.0,8.0
2025-09-04,Roodraksh Mall,1.0,8.0
2025-09-04,Silchar,6.0,8.0
2025-09-04,Siliguri,0.0,19.0
2025-09-04,Siliguri 2,4.0,7.0
2025-09-04,VEGA Circle Mall,1.0,1.0
2025-09-05,Agartala,2.0,21.0
2025-09-05,CC2 Rajarhat,5.0,24.0
2025-09-05,City Centre GHY,1.0,3.0
2025-09-05,City Centre SIL,1.0,5.0
2025-09-05,Fairfield,4.0,8.0
2025-09-05,Jorhat,4.0,7.0
2025-09-05,Malda,4.0,19.0
2025-09-05,Mani Square,1.0,9.0
2025-09-05,Roodraksh Mall,1.0,5.0
2025-09-05,Silchar,3.0,9.0
2025-09-05,Siliguri,0.0,12.0
2025-09-05,Siliguri 2,1.0,4.0
2025-09-05,VEGA Circle Mall,1.0,1.0
2025-09-06,Agartala,5.0,16.0
2025-09-06,CC2 Rajarhat,9.0,35.0
2025-09-06,City Centre GHY,0.0,5.0
2025-09-06,City Centre SIL,0.0,6.0
2025-09-06,Fairfield,7.0,20.0
2025-09-06,Jorhat,1.0,12.0
2025-09-06,Malda,0.0,11.0
2025-09-06,Mani Square,6.0,16.0
2025-09-06,Roodraksh Mall,1.0,
2025-09-06,Silchar,1.0,11.0
2025-09-06,Siliguri,0.0,15.0
2025-09-06,Siliguri 2,0.0,4.0
2025-09-06,VEGA Circle Mall,1.0,1.0
2025-09-07,Agartala,2.0,19.0
2025-09-07,CC2 Rajarhat,6.0,31.0
2025-09-07,City Centre GHY,1.0,13.0
2025-09-07,City Centre SIL,1.0,4.0
2025-09-07,Fairfield,3.0,17.0
2025-09-07,Jorhat,2.0,4.0
2025-09-07,Malda,0.0,14.0
2025-09-07,Mani Square,4.0,14.0
2025-09-07,Roodraksh Mall,1.0,9.0
2025-09-07,Silchar,2.0,12.0
2025-09-07,Siliguri,0.0,22.0
2025-09-07,Siliguri 2,1.0,8.0
2025-09-07,VEGA Circle Mall,1.0,2.0
2025-09-08,Agartala,1.0,13.0
2025-09-08,CC2 Rajarhat,0.0,11.0
2025-09-08,City Centre GHY,0.0,6.0
2025-09-08,City Centre SIL,1.0,1.0
2025-09-08,Fairfield,4.0,7.0
2025-09-08,Jorhat,1.0,4.0
2025-09-08,Malda,2.0,5.0
2025-09-08,Mani Square,1.0,3.0
2025-09-08,Roodraksh Mall,1.0,3.0
2025-09-08,Silchar,3.0,7.0
2025-09-08,Siliguri,0.0,6.0
2025-09-08,Siliguri 2,2.0,4.0
2025-09-08,VEGA Circle Mall,0.0,1.0
2025-09-09,Agartala,1.0,13.0
2025-09-09,CC2 Rajarhat,1.0,15.0
2025-09-09,City Centre GHY,0.0,6.0
2025-09-09,City Centre SIL,0.0,1.0
2025-09-09,Fairfield,2.0,7.0
2025-09-09,Jorhat,0.0,4.0
2025-09-09,Malda,0.0,11.0
2025-09-09,Mani Square,0.0,2.0
2025-09-09,Roodraksh Mall,0.0,4.0
2025-09-09,Silchar,3.0,10.0
2025-09-09,Siliguri,0.0,10.0
2025-09-09,Siliguri 2,2.0,4.0
2025-09-09,VEGA Circle Mall,0.0,0.0
2025-09-10,Agartala,0.0,12.0
2025-09-10,CC2 Rajarhat,0.0,13.0
2025-09-10,City Centre GHY,0.0,4.0
2025-09-10,City Centre SIL,0.0,4.0
2025-09-10,Fairfield,0.0,3.0
2025-09-10,Jorhat,0.0,9.0
2025-09-10,Malda,0.0,16.0
2025-09-10,Mani Square,0.0,9.0
2025-09-10,Roodraksh Mall,0.0,3.0
2025-09-10,Silchar,3.0,11.0
2025-09-10,Siliguri,0.0,7.0
2025-09-10,Siliguri 2,1.0,3.0
2025-09-10,VEGA Circle Mall,0.0,1.0
2025-09-11,Agartala,0.0,9.0
2025-09-11,CC2 Rajarhat,0.0,13.0
2025-09-11,City Centre GHY,0.0,9.0
2025-09-11,City Centre SIL,1.0,1.0
2025-09-11,Fairfield,0.0,15.0
2025-09-11,Jorhat,2.0,7.0
2025-09-11,Malda,0.0,4.0
2025-09-11,Mani Square,0.0,4.0
2025-09-11,Roodraksh Mall,1.0,4.0
2025-09-11,Silchar,0.0,6.0
2025-09-11,Siliguri,1.0,8.0
2025-09-11,Siliguri 2,1.0,2.0
2025-09-11,VEGA Circle Mall,0.0,0.0
2025-09-12,Agartala,10.0,13.0
2025-09-12,CC2 Rajarhat,3.0,12.0
2025-09-12,City Centre GHY,3.0,13.0
2025-09-12,City Centre SIL,2.0,3.0
2025-09-12,Fairfield,3.0,16.0
2025-09-12,Jorhat,2.0,13.0
2025-09-12,Malda,2.0,7.0
2025-09-12,Mani Square,2.0,6.0
2025-09-12,Roodraksh Mall,2.0,6.0
2025-09-12,Silchar,8.0,18.0
2025-09-12,Siliguri,1.0,6.0
2025-09-12,Siliguri 2,3.0,4.0
2025-09-12,VEGA Circle Mall,1.0,2.0
2025-09-13,Agartala,12.0,22.0
2025-09-13,CC2 Rajarhat,7.0,28.0
2025-09-13,City Centre GHY,2.0,29.0
2025-09-13,City Centre SIL,1.0,10.0
2025-09-13,Fairfield,9.0,25.0
2025-09-13,Jorhat,8.0,24.0
2025-09-13,Malda,5.0,21.0
2025-09-13,Mani Square,2.0,13.0
2025-09-13,Roodraksh Mall,1.0,5.0
2025-09-13,Siliguri,0.0,14.0
2025-09-13,Siliguri 2,2.0,6.0
2025-09-13,VEGA Circle Mall,2.0,2.0
2025-09-14,Agartala,8.0,21.0
2025-09-14,CC2 Rajarhat,4.0,29.0
2025-09-14,City Centre GHY,3.0,17.0
2025-09-14,City Centre SIL,1.0,5.0
2025-09-14,Fairfield,7.0,29.0
2025-09-14,Jorhat,1.0,10.0
2025-09-14,Malda,6.0,18.0
2025-09-14,Mani Square,7.0,17.0
2025-09-14,Roodraksh Mall,2.0,5.0
2025-09-14,Silchar,6.0,15.0
2025-09-14,Siliguri,3.0,20.0
2025-09-14,Siliguri 2,6.0,15.0
2025-09-14,VEGA Circle Mall,1.0,4.0
2025-09-15,Agartala,9.0,12.0
2025-09-15,CC2 Rajarhat,3.0,13.0
2025-09-15,City Centre GHY,2.0,18.0
2025-09-15,City Centre SIL,1.0,5.0
2025-09-15,Fairfield,5.0,9.0
2025-09-15,Jorhat,4.0,10.0
2025-09-15,Malda,1.0,5.0
2025-09-15,Mani Square,4.0,8.0
2025-09-15,Roodraksh Mall,1.0,2.0
2025-09-15,Silchar,4.0,19.0
2025-09-15,Siliguri,2.0,17.0
2025-09-15,Siliguri 2,4.0,5.0
2025-09-15,VEGA Circle Mall,1.0,3.0
2025-09-16,Agartala,1.0,16.0
2025-09-16,CC2 Rajarhat,4.0,18.0
2025-09-16,City Centre GHY,2.0,20.0
2025-09-16,City Centre SIL,1.0,6.0
2025-09-16,Fairfield,2.0,19.0
2025-09-16,Jorhat,0.0,6.0
2025-09-16,Malda,5.0,18.0
2025-09-16,Mani Square,3.0,1.0
2025-09-16,Roodraksh Mall,1.0,6.0
2025-09-16,Silchar,4.0,12.0
2025-09-16,Siliguri,0.0,11.0
2025-09-16,Siliguri 2,0.0,4.0
2025-09-16,VEGA Circle Mall,0.0,0.0
2025-09-17,Agartala,11.0,24.0
2025-09-17,CC2 Rajarhat,2.0,20.0
2025-09-17,City Centre GHY,3.0,12.0
2025-09-17,City Centre SIL,1.0,6.0
2025-09-17,Fairfield,4.0,14.0
2025-09-17,Jorhat,2.0,11.0
2025-09-17,Malda,3.0,6.0
2025-09-17,Mani Square,1.0,10.0
2025-09-17,Roodraksh Mall,0.0,4.0
2025-09-17,Silchar,0.0,13.0
2025-09-17,Siliguri,0.0,13.0
2025-09-17,Siliguri 2,4.0,13.0
2025-09-17,VEGA Circle Mall,0.0,1.0
2025-09-18,Agartala,5.0,17.0
2025-09-18,CC2 Rajarhat,1.0,18.0
2025-09-18,City Centre GHY,0.0,6.0
2025-09-18,City Centre SIL,0.0,3.0
2025-09-18,Fairfield,8.0,20.0
2025-09-18,Jorhat,5.0,10.0
2025-09-18,Malda,3.0,17.0
2025-09-18,Mani Square,2.0,10.0
2025-09-18,Roodraksh Mall,0.0,3.0
2025-09-18,Silchar,0.0,9.0
2025-09-18,Siliguri,0.0,23.0
2025-09-18,Siliguri 2,2.0,3.0
2025-09-18,VEGA Circle Mall,0.0,0.0
2025-09-19,Agartala,6.0,21.0
2025-09-19,CC2 Rajarhat,2.0,26.0
2025-09-19,City Centre GHY,0.0,9.0
2025-09-19,City Centre SIL,0.0,5.0
2025-09-19,Fairfield,6.0,15.0
2025-09-19,Jorhat,4.0,5.0
2025-09-19,Malda,3.0,18.0
2025-09-19,Mani Square,2.0,14.0
2025-09-19,Roodraksh Mall,1.0,3.0
2025-09-19,Silchar,4.0,8.0
2025-09-19,Siliguri,0.0,19.0
2025-09-19,Siliguri 2,2.0,9.0
2025-09-19,VEGA Circle Mall,0.0,2.0
2025-09-20,Agartala,10.0,22.0
2025-09-20,CC2 Rajarhat,3.0,9.0
2025-09-20,City Centre GHY,0.0,0.0
2025-09-20,City Centre SIL,4.0,15.0
2025-09-20,Fairfield,7.0,25.0
2025-09-20,Jorhat,0.0,0.0
2025-09-20,Malda,2.0,11.0
2025-09-20,Mani Square,3.0,13.0
2025-09-20,Roodraksh Mall,0.0,0.0
2025-09-20,Silchar,3.0,21.0
2025-09-20,Siliguri,0.0,28.0
2025-09-20,Siliguri 2,1.0,12.0
2025-09-20,VEGA Circle Mall,1.0,5.0
2025-09-21,Agartala,12.0,30.0
2025-09-21,CC2 Rajarhat,7.0,80.0
2025-09-21,City Centre GHY,0.0,0.0
2025-09-21,City Centre SIL,0.0,16.0
2025-09-21,Fairfield,4.0,20.0
2025-09-21,Jorhat,0.0,0.0
2025-09-21,Malda,7.0,0.0
2025-09-21,Mani Square,4.0,18.0
2025-09-21,Roodraksh Mall,0.0,0.0
2025-09-21,Silchar,6.0,30.0
2025-09-21,Siliguri,0.0,38.0
2025-09-21,Siliguri 2,3.0,21.0
2025-09-21,VEGA Circle Mall,1.0,2.0
2025-09-22,Agartala,10.0,26.0
2025-09-22,CC2 Rajarhat,4.0,21.0
2025-09-22,City Centre GHY,0.0,0.0
2025-09-22,City Centre SIL,3.0,11.0
2025-09-22,Fairfield,3.0,15.0
2025-09-22,Jorhat,0.0,0.0
2025-09-22,Malda,3.0,10.0
2025-09-22,Mani Square,3.0,12.0
2025-09-22,Roodraksh Mall,0.0,0.0
2025-09-22,Silchar,6.0,23.0
2025-09-22,Siliguri,0.0,18.0
2025-09-22,Siliguri 2,4.0,8.0
2025-09-22,VEGA Circle Mall,0.0,1.0
2025-09-23,Agartala,14.0,28.0
2025-09-23,CC2 Rajarhat,2.0,23.0
2025-09-23,City Centre GHY,0.0,0.0
2025-09-23,City Centre SIL,1.0,5.0
2025-09-23,Fairfield,7.0,17.0
2025-09-23,Jorhat,1.0,6.0
2025-09-23,Malda,6.0,20.0
2025-09-23,Mani Square,1.0,8.0
2025-09-23,Roodraksh Mall,0.0,2.0
2025-09-23,Silchar,3.0,16.0
2025-09-23,Siliguri,2.0,22.0
2025-09-23,Siliguri 2,3.0,9.0
2025-09-23,VEGA Circle Mall,1.0,2.0
2025-09-24,Agartala,8.0,27.0
2025-09-24,CC2 Rajarhat,0.0,33.0
2025-09-24,City Centre GHY,1.0,28.0
2025-09-24,City Centre SIL,3.0,12.0
2025-09-24,Fairfield,6.0,26.0
2025-09-24,Jorhat,7.0,14.0
2025-09-24,Malda,4.0,20.0
2025-09-24,Mani Square,3.0,15.0
2025-09-24,Roodraksh Mall,0.0,3.0
2025-09-24,Silchar,5.0,19.0
2025-09-24,Siliguri,1.0,25.0
2025-09-24,Siliguri 2,3.0,11.0
2025-09-24,VEGA Circle Mall,0.0,4.0
2025-09-25,Agartala,6.0,27.0
2025-09-25,CC2 Rajarhat,6.0,35.0
2025-09-25,City Centre GHY,1.0,23.0
2025-09-25,City Centre SIL,1.0,12.0
2025-09-25,Fairfield,10.0,28.0
2025-09-25,Jorhat,0.0,13.0
2025-09-25,Malda,14.0,21.0
2025-09-25,Mani Square,3.0,25.0
2025-09-25,Roodraksh Mall,0.0,10.0
2025-09-25,Silchar,5.0,23.0
2025-09-25,Siliguri,0.0,30.0
2025-09-25,Siliguri 2,6.0,20.0
2025-09-25,VEGA Circle Mall,0.0,4.0
2025-09-26,Agartala,5.0,37.0
2025-09-26,CC2 Rajarhat,6.0,39.0
2025-09-26,City Centre GHY,1.0,23.0
2025-09-26,City Centre SIL,3.0,15.0
2025-09-26,Fairfield,10.0,30.0
2025-09-26,Jorhat,2.0,12.0
2025-09-26,Malda,3.0,25.0
2025-09-26,Mani Square,2.0,27.0
2025-09-26,Roodraksh Mall,0.0,11.0
2025-09-26,Silchar,5.0,27.0
2025-09-26,Siliguri,0.0,33.0
2025-09-26,Siliguri 2,5.0,23.0
2025-09-26,VEGA Circle Mall,0.0,2.0
2025-09-27,Agartala,11.0,47.0
2025-09-27,CC2 Rajarhat,7.0,64.0
2025-09-27,City Centre GHY,0.0,36.0
2025-09-27,City Centre SIL,6.0,20.0
2025-09-27,Fairfield,9.0,37.0
2025-09-27,Jorhat,1.0,30.0
2025-09-27,Malda,19.0,35.0
2025-09-27,Mani Square,5.0,20.0
2025-09-27,Roodraksh Mall,0.0,10.0
2025-09-27,Silchar,2.0,39.0
2025-09-27,Siliguri,0.0,33.0
2025-09-27,Siliguri 2,7.0,16.0
2025-09-27,VEGA Circle Mall,2.0,5.0
2025-09-28,Agartala,15.0,44.0
2025-09-28,CC2 Rajarhat,3.0,38.0
2025-09-28,City Centre GHY,0.0,46.0
2025-09-28,City Centre SIL,2.0,10.0
2025-09-28,Fairfield,17.0,29.0
2025-09-28,Jorhat,6.0,30.0
2025-09-28,Malda,7.0,15.0
2025-09-28,Mani Square,4.0,27.0
2025-09-28,Roodraksh Mall,0.0,24.0
2025-09-28,Silchar,2.0,38.0
2025-09-28,Siliguri,0.0,46.0
2025-09-28,Siliguri 2,6.0,24.0
2025-09-28,VEGA Circle Mall,1.0,10.0
2025-09-29,Agartala,9.0,26.0
2025-09-29,CC2 Rajarhat,3.0,34.0
2025-09-29,City Centre GHY,1.0,27.0
2025-09-29,City Centre SIL,2.0,12.0
2025-09-29,Fairfield,8.0,27.0
2025-09-29,Jorhat,3.0,21.0
2025-09-29,Malda,4.0,24.0
2025-09-29,Mani Square,6.0,23.0
2025-09-29,Roodraksh Mall,1.0,10.0
2025-09-29,Silchar,1.0,20.0
2025-09-29,Siliguri,0.0,27.0
2025-09-29,Siliguri 2,5.0,13.0
2025-09-29,VEGA Circle Mall,2.0,7.0
2025-09-30,Agartala,12.0,28.0
2025-09-30,CC2 Rajarhat,96.0,12.0
2025-09-30,City Centre GHY,4.0,32.0
2025-09-30,City Centre SIL,13.0,11.0
2025-09-30,Fairfield,10.0,29.0
2025-09-30,Jorhat,1.0,13.0
2025-09-30,Malda,15.0,4.0
2025-09-30,Mani Square,3.0,13.0
2025-09-30,Roodraksh Mall,1.0,10.0
2025-09-30,Silchar,3.0,14.0
2025-09-30,Siliguri,0.0,17.0
2025-09-30,Siliguri 2,4.0,14.0
2025-09-30,VEGA Circle Mall,0.0,2.0
2025-10-01,Agartala,9.0,15.0
2025-10-01,CC2 Rajarhat,2.0,12.0
2025-10-01,City Centre GHY,0.0,8.0
2025-10-01,City Centre SIL,0.0,3.0
2025-10-01,Fairfield,4.0,1.0
2025-10-01,Jorhat,1.0,7.0
2025-10-01,Malda,0.0,6.0
2025-10-01,Mani Square,1.0,6.0
2025-10-01,Roodraksh Mall,0.0,1.0
2025-10-01,Silchar,0.0,10.0
2025-10-01,Siliguri,0.0,10.0
2025-10-01,Siliguri 2,3.0,5.0
2025-10-01,VEGA Circle Mall,0.0,5.0
2025-10-02,Agartala,0.0,4.0
2025-10-02,CC2 Rajarhat,6.0,14.0
2025-10-02,City Centre GHY,1.0,6.0
2025-10-02,City Centre SIL,0.0,4.0
2025-10-02,Fairfield,2.0,4.0
2025-10-02,Jorhat,1.0,1.0
2025-10-02,Malda,2.0,1.0
2025-10-02,Mani Square,0.0,2.0
2025-10-02,Roodraksh Mall,0.0,1.0
2025-10-02,Silchar,0.0,0.0
2025-10-02,Siliguri,0.0,3.0
2025-10-02,Siliguri 2,2.0,3.0
2025-10-02,VEGA Circle Mall,1.0,1.0
2025-10-03,Agartala,2.0,19.0
2025-10-03,CC2 Rajarhat,2.0,13.0
2025-10-03,City Centre GHY,0.0,9.0
2025-10-03,City Centre SIL,0.0,0.0
2025-10-03,Fairfield,6.0,14.0
2025-10-03,Jorhat,2.0,15.0
2025-10-03,Malda,1.0,5.0
2025-10-03,Mani Square,1.0,9.0
2025-10-03,Roodraksh Mall,0.0,2.0
2025-10-03,Silchar,0.0,5.0
2025-10-03,Siliguri,0.0,18.0
2025-10-03,Siliguri 2,1.0,5.0
2025-10-03,VEGA Circle Mall,0.0,1.0
2025-10-04,Agartala,1.0,9.0
2025-10-04,CC2 Rajarhat,2.0,20.0
2025-10-04,City Centre GHY,0.0,20.0
2025-10-04,City Centre SIL,0.0,9.0
2025-10-04,Fairfield,2.0,9.0
2025-10-04,Jorhat,2.0,20.0
2025-10-04,Malda,0.0,14.0
2025-10-04,Mani Square,0.0,8.0
2025-10-04,Roodraksh Mall,0.0,5.0
2025-10-04,Silchar,1.0,8.0
2025-10-04,Siliguri,0.0,12.0
2025-10-04,Siliguri 2,1.0,10.0
2025-10-04,VEGA Circle Mall,1.0,2.0
2025-10-05,Agartala,3.0,9.0
2025-10-05,CC2 Rajarhat,2.0,22.0
2025-10-05,City Centre GHY,0.0,17.0
2025-10-05,City Centre SIL,1.0,17.0
2025-10-05,Fairfield,11.0,20.0
2025-10-05,Jorhat,0.0,5.0
2025-10-05,Malda,2.0,4.0
2025-10-05,Mani Square,1.0,9.0
2025-10-05,Roodraksh Mall,0.0,6.0
2025-10-05,Silchar,1.0,5.0
2025-10-05,Siliguri,0.0,19.0
2025-10-05,Siliguri 2,4.0,12.0
2025-10-05,VEGA Circle Mall,0.0,2.0
2025-10-06,Agartala,0.0,4.0
2025-10-06,CC2 Rajarhat,0.0,5.0
2025-10-06,City Centre GHY,1.0,8.0
2025-10-06,City Centre SIL,2.0,4.0
2025-10-06,Fairfield,3.0,14.0
2025-10-06,Jorhat,1.0,8.0
2025-10-06,Malda,1.0,7.0
2025-10-06,Mani Square,2.0,4.0
2025-10-06,Roodraksh Mall,0.0,4.0
2025-10-06,Silchar,1.0,7.0
2025-10-06,Siliguri,0.0,16.0
2025-10-06,Siliguri 2,0.0,9.0
2025-10-06,VEGA Circle Mall,0.0,1.0
2025-10-07,Agartala,1.0,13.0
2025-10-07,CC2 Rajarhat,4.0,14.0
2025-10-07,City Centre GHY,1.0,10.0
2025-10-07,City Centre SIL,2.0,5.0
2025-10-07,Fairfield,4.0,8.0
2025-10-07,Jorhat,1.0,6.0
2025-10-07,Malda,3.0,9.0
2025-10-07,Mani Square,0.0,3.0
2025-10-07,Roodraksh Mall,1.0,4.0
2025-10-07,Silchar,2.0,7.0
2025-10-07,Siliguri,1.0,16.0
2025-10-07,Siliguri 2,4.0,10.0
2025-10-07,VEGA Circle Mall,0.0,3.0
2025-10-08,Agartala,1.0,4.0
2025-10-08,CC2 Rajarhat,3.0,8.0
2025-10-08,City Centre GHY,2.0,10.0
2025-10-08,City Centre SIL,1.0,4.0
2025-10-08,Fairfield,3.0,10.0
2025-10-08,Jorhat,6.0,11.0
2025-10-08,Malda,0.0,7.0
2025-10-08,Mani Square,0.0,4.0
2025-10-08,Roodraksh Mall,0.0,2.0
2025-10-08,Silchar,5.0,8.0
2025-10-08,Siliguri,1.0,34.0
2025-10-08,Siliguri 2,1.0,9.0
2025-10-08,VEGA Circle Mall,0.0,1.0
2025-10-09,Agartala,1.0,8.0
2025-10-09,CC2 Rajarhat,3.0,19.0
2025-10-09,City Centre GHY,0.0,9.0
2025-10-09,City Centre SIL,1.0,7.0
2025-10-09,Fairfield,2.0,12.0
2025-10-09,Jorhat,6.0,14.0
2025-10-09,Malda,1.0,9.0
2025-10-09,Mani Square,1.0,7.0
2025-10-09,Roodraksh Mall,0.0,4.0
2025-10-09,Silchar,3.0,12.0
2025-10-09,Siliguri,0.0,21.0
2025-10-09,Siliguri 2,3.0,8.0
2025-10-09,VEGA Circle Mall,0.0,0.0
2025-10-10,Agartala,1.0,7.0
2025-10-10,CC2 Rajarhat,4.0,17.0
2025-10-10,City Centre GHY,0.0,16.0
2025-10-10,City Centre SIL,1.0,3.0
2025-10-10,Fairfield,6.0,11.0
2025-10-10,Jorhat,5.0,21.0
2025-10-10,Malda,4.0,10.0
2025-10-10,Mani Square,3.0,7.0
2025-10-10,Roodraksh Mall,1.0,5.0
2025-10-10,Silchar,7.0,13.0
2025-10-10,Siliguri,0.0,13.0
2025-10-10,Siliguri 2,2.0,6.0
2025-10-10,VEGA Circle Mall,0.0,3.0
2025-10-11,Agartala,3.0,11.0
2025-10-11,CC2 Rajarhat,7.0,27.0
2025-10-11,City Centre GHY,1.0,16.0
2025-10-11,City Centre SIL,7.0,15.0
2025-10-11,Fairfield,10.0,29.0
2025-10-11,Jorhat,6.0,9.0
2025-10-11,Malda,3.0,9.0
2025-10-11,Mani Square,4.0,
2025-10-11,Roodraksh Mall,3.0,10.0
2025-10-11,Silchar,2.0,11.0
2025-10-11,Siliguri,0.0,
2025-10-11,Siliguri 2,4.0,11.0
2025-10-11,VEGA Circle Mall,0.0,
2025-10-12,Agartala,0.0,6.0
2025-10-12,CC2 Rajarhat,6.0,33.0
2025-10-12,City Centre GHY,1.0,21.0
2025-10-12,City Centre SIL,5.0,13.0
2025-10-12,Fairfield,9.0,30.0
2025-10-12,Jorhat,3.0,11.0
2025-10-12,Malda,2.0,6.0
2025-10-12,Mani Square,3.0,32.0
2025-10-12,Roodraksh Mall,6.0,11.0
2025-10-12,Silchar,3.0,13.0
2025-10-12,Siliguri,0.0,
2025-10-12,Siliguri 2,2.0,19.0
2025-10-12,VEGA Circle Mall,1.0,
2025-10-13,Agartala,1.0,6.0
2025-10-13,CC2 Rajarhat,5.0,20.0
2025-10-13,City Centre GHY,1.0,10.0
2025-10-13,City Centre SIL,4.0,8.0
2025-10-13,Fairfield,4.0,18.0
2025-10-13,Jorhat,6.0,11.0
2025-10-13,Malda,4.0,8.0
2025-10-13,Mani Square,2.0,9.0
2025-10-13,Roodraksh Mall,4.0,5.0
2025-10-13,Silchar,2.0,8.0
2025-10-13,Siliguri,1.0,28.0
2025-10-13,Siliguri 2,1.0,10.0
2025-10-13,VEGA Circle Mall,1.0,4.0
2025-10-14,Agartala,2.0,10.0
2025-10-14,CC2 Rajarhat,7.0,25.0
2025-10-14,City Centre GHY,0.0,6.0
2025-10-14,City Centre SIL,3.0,9.0
2025-10-14,Fairfield,4.0,15.0
2025-10-14,Jorhat,8.0,18.0
2025-10-14,Malda,2.0,6.0
2025-10-14,Mani Square,3.0,14.0
2025-10-14,Roodraksh Mall,0.0,4.0
2025-10-14,Silchar,7.0,11.0
2025-10-14,Siliguri,1.0,40.0
2025-10-14,Siliguri 2,6.0,18.0
2025-10-14,VEGA Circle Mall,1.0,6.0
2025-10-15,Agartala,0.0,6.0
2025-10-15,CC2 Rajarhat,4.0,21.0
2025-10-15,City Centre GHY,0.0,12.0
2025-10-15,City Centre SIL,1.0,10.0
2025-10-15,Fairfield,2.0,15.0
2025-10-15,Jorhat,5.0,15.0
2025-10-15,Malda,0.0,9.0
2025-10-15,Mani Square,4.0,14.0
2025-10-15,Roodraksh Mall,1.0,9.0
2025-10-15,Silchar,1.0,4.0
2025-10-15,Siliguri,0.0,54.0
2025-10-15,Siliguri 2,2.0,17.0
2025-10-15,VEGA Circle Mall,6.0,7.0
2025-10-16,Agartala,2.0,11.0
2025-10-16,CC2 Rajarhat,3.0,36.0
2025-10-16,City Centre GHY,1.0,17.0
2025-10-16,City Centre SIL,3.0,19.0
2025-10-16,Fairfield,11.0,29.0
2025-10-16,Jorhat,3.0,10.0
2025-10-16,Malda,3.0,22.0
2025-10-16,Mani Square,3.0,12.0
2025-10-16,Roodraksh Mall,1.0,7.0
2025-10-16,Silchar,1.0,11.0
2025-10-16,Siliguri,0.0,55.0
2025-10-16,Siliguri 2,3.0,21.0
2025-10-16,VEGA Circle Mall,0.0,5.0
2025-10-17,Agartala,4.0,11.0
2025-10-17,CC2 Rajarhat,6.0,30.0
2025-10-17,City Centre GHY,0.0,23.0
2025-10-17,City Centre SIL,2.0,16.0
2025-10-17,Fairfield,8.0,17.0
2025-10-17,Jorhat,6.0,21.0
2025-10-17,Malda,2.0,18.0
2025-10-17,Mani Square,3.0,32.0
2025-10-17,Roodraksh Mall,1.0,15.0
2025-10-17,Silchar,2.0,6.0
2025-10-17,Siliguri,0.0,59.0
2025-10-17,Siliguri 2,3.0,29.0
2025-10-17,VEGA Circle Mall,1.0,4.0
2025-10-18,Agartala,6.0,15.0
2025-10-18,CC2 Rajarhat,3.0,47.0
2025-10-18,City Centre GHY,4.0,37.0
2025-10-18,City Centre SIL,1.0,26.0
2025-10-18,Fairfield,15.0,30.0
2025-10-18,Jorhat,8.0,30.0
2025-10-18,Malda,2.0,16.0
2025-10-18,Mani Square,7.0,38.0
2025-10-18,Roodraksh Mall,0.0,11.0
2025-10-18,Silchar,6.0,21.0
2025-10-18,Siliguri,0.0,80.0
2025-10-18,Siliguri 2,3.0,34.0
2025-10-18,VEGA Circle Mall,0.0,4.0
2025-10-19,Agartala,8.0,19.0
2025-10-19,CC2 Rajarhat,1.0,82.0
2025-10-19,City Centre GHY,0.0,42.0
2025-10-19,City Centre SIL,5.0,38.0
2025-10-19,Fairfield,10.0,49.0
2025-10-19,Jorhat,7.0,22.0
2025-10-19,Malda,2.0,23.0
2025-10-19,Mani Square,3.0,50.0
2025-10-19,Roodraksh Mall,0.0,14.0
2025-10-19,Silchar,3.0,28.0
2025-10-19,Siliguri,1.0,87.0
2025-10-19,Siliguri 2,3.0,50.0
2025-10-19,VEGA Circle Mall,0.0,14.0
2025-10-20,Agartala,1.0,9.0
2025-10-20,CC2 Rajarhat,1.0,49.0
2025-10-20,City Centre GHY,1.0,13.0
2025-10-20,City Centre SIL,2.0,18.0
2025-10-20,Fairfield,6.0,23.0
2025-10-20,Jorhat,4.0,17.0
2025-10-20,Malda,1.0,11.0
2025-10-20,Mani Square,2.0,29.0
2025-10-20,Roodraksh Mall,0.0,11.0
2025-10-20,Silchar,4.0,19.0
2025-10-20,Siliguri,0.0,47.0
2025-10-20,Siliguri 2,0.0,27.0
2025-10-20,VEGA Circle Mall,0.0,3.0
2025-10-21,Agartala,4.0,13.0
2025-10-21,CC2 Rajarhat,8.0,17.0
2025-10-21,City Centre GHY,0.0,9.0
2025-10-21,City Centre SIL,0.0,6.0
2025-10-21,Fairfield,7.0,17.0
2025-10-21,Jorhat,4.0,8.0
2025-10-21,Malda,2.0,7.0
2025-10-21,Mani Square,1.0,5.0
2025-10-21,Roodraksh Mall,2.0,4.0
2025-10-21,Silchar,2.0,8.0
2025-10-21,Siliguri,0.0,16.0
2025-10-21,Siliguri 2,0.0,12.0
2025-10-21,VEGA Circle Mall,0.0,4.0
2025-10-22,Agartala,5.0,13.0
2025-10-22,CC2 Rajarhat,1.0,16.0
2025-10-22,City Centre GHY,1.0,12.0
2025-10-22,City Centre SIL,0.0,7.0
2025-10-22,Fairfield,2.0,13.0
2025-10-22,Jorhat,7.0,12.0
2025-10-22,Malda,0.0,10.0
2025-10-22,Mani Square,0.0,8.0
2025-10-22,Roodraksh Mall,0.0,4.0
2025-10-22,Silchar,4.0,15.0
2025-10-22,Siliguri,0.0,29.0
2025-10-22,Siliguri 2,0.0,13.0
2025-10-22,VEGA Circle Mall,0.0,5.0
2025-10-23,Agartala,5.0,8.0
2025-10-23,CC2 Rajarhat,1.0,14.0
2025-10-23,City Centre GHY,1.0,6.0
2025-10-23,City Centre SIL,1.0,6.0
2025-10-23,Fairfield,9.0,17.0
2025-10-23,Jorhat,8.0,10.0
2025-10-23,Malda,2.0,16.0
2025-10-23,Mani Square,0.0,5.0
2025-10-23,Roodraksh Mall,0.0,4.0
2025-10-23,Silchar,1.0,6.0
2025-10-23,Siliguri,0.0,22.0
2025-10-23,Siliguri 2,3.0,5.0
2025-10-23,VEGA Circle Mall,1.0,2.0
2025-10-24,Agartala,4.0,8.0
2025-10-24,CC2 Rajarhat,4.0,10.0
2025-10-24,City Centre GHY,1.0,7.0
2025-10-24,City Centre SIL,3.0,13.0
2025-10-24,Fairfield,6.0,15.0
2025-10-24,Jorhat,3.0,11.0
2025-10-24,Malda,3.0,3.0
2025-10-24,Mani Square,0.0,3.0
2025-10-24,Roodraksh Mall,1.0,2.0
2025-10-24,Silchar,2.0,6.0
2025-10-24,Siliguri,0.0,26.0
2025-10-24,Siliguri 2,0.0,13.0
2025-10-24,VEGA Circle Mall,0.0,3.0
2025-10-25,Agartala,3.0,20.0
2025-10-25,CC2 Rajarhat,9.0,29.0
2025-10-25,City Centre GHY,2.0,16.0
2025-10-25,City Centre SIL,5.0,14.0
2025-10-25,Fairfield,6.0,16.0
2025-10-25,Jorhat,10.0,15.0
2025-10-25,Malda,2.0,17.0
2025-10-25,Mani Square,1.0,8.0
2025-10-25,Roodraksh Mall,1.0,9.0
2025-10-25,Silchar,6.0,13.0
2025-10-25,Siliguri,0.0,12.0
2025-10-25,Siliguri 2,0.0,13.0
2025-10-25,VEGA Circle Mall,1.0,1.0
2025-10-26,Agartala,5.0,9.0
2025-10-26,CC2 Rajarhat,6.0,20.0
2025-10-26,City Centre GHY,1.0,16.0
2025-10-26,City Centre SIL,2.0,15.0
2025-10-26,Fairfield,6.0,28.0
2025-10-26,Jorhat,7.0,10.0
2025-10-26,Malda,1.0,7.0
2025-10-26,Mani Square,3.0,10.0
2025-10-26,Roodraksh Mall,1.0,6.0
2025-10-26,Silchar,4.0,12.0
2025-10-26,Siliguri,0.0,27.0
2025-10-26,Siliguri 2,11.0,16.0
2025-10-26,VEGA Circle Mall,1.0,4.0
2025-10-27,Agartala,2.0,6.0
2025-10-27,CC2 Rajarhat,5.0,9.0
2025-10-27,City Centre GHY,2.0,7.0
2025-10-27,City Centre SIL,2.0,8.0
2025-10-27,Fairfield,4.0,10.0
2025-10-27,Jorhat,2.0,10.0
2025-10-27,Malda,2.0,10.0
2025-10-27,Mani Square,0.0,1.0
2025-10-27,Roodraksh Mall,0.0,2.0
2025-10-27,Silchar,4.0,8.0
2025-10-27,Siliguri,0.0,22.0
2025-10-27,Siliguri 2,1.0,8.0
2025-10-27,VEGA Circle Mall,0.0,1.0
2025-10-28,Agartala,2.0,6.0
2025-10-28,CC2 Rajarhat,6.0,6.0
2025-10-28,City Centre GHY,1.0,10.0
2025-10-28,City Centre SIL,1.0,8.0
2025-10-28,Fairfield,6.0,10.0
2025-10-28,Jorhat,3.0,12.0
2025-10-28,Malda,3.0,9.0
2025-10-28,Mani Square,2.0,7.0
2025-10-28,Roodraksh Mall,0.0,5.0
2025-10-28,Silchar,6.0,10.0
2025-10-28,Siliguri,1.0,8.0
2025-10-28,Siliguri 2,4.0,5.0
2025-10-28,VEGA Circle Mall,0.0,2.0
2025-10-29,Agartala,5.0,9.0
2025-10-29,CC2 Rajarhat,3.0,9.0
2025-10-29,City Centre GHY,1.0,6.0
2025-10-29,City Centre SIL,0.0,4.0
2025-10-29,Fairfield,5.0,12.0
2025-10-29,Jorhat,3.0,8.0
2025-10-29,Malda,9.0,4.0
2025-10-29,Mani Square,2.0,5.0
2025-10-29,Roodraksh Mall,1.0,3.0
2025-10-29,Silchar,1.0,2.0
2025-10-29,Siliguri,0.0,22.0
2025-10-29,Siliguri 2,4.0,12.0
2025-10-29,VEGA Circle Mall,0.0,0.0
2025-10-30,Agartala,4.0,7.0
2025-10-30,CC2 Rajarhat,4.0,14.0
2025-10-30,City Centre GHY,1.0,7.0
2025-10-30,City Centre SIL,1.0,9.0
2025-10-30,Fairfield,5.0,11.0
2025-10-30,Jorhat,4.0,11.0
2025-10-30,Malda,14.0,9.0
2025-10-30,Mani Square,8.0,8.0
2025-10-30,Roodraksh Mall,0.0,2.0
2025-10-30,Silchar,3.0,2.0
2025-10-30,Siliguri,0.0,13.0
2025-10-30,Siliguri 2,1.0,4.0
2025-10-30,VEGA Circle Mall,0.0,1.0
2025-10-31,Agartala,8.0,11.0
2025-10-31,CC2 Rajarhat,5.0,7.0
2025-10-31,City Centre GHY,11.0,15.0
2025-10-31,City Centre SIL,1.0,3.0
2025-10-31,Fairfield,6.0,25.0
2025-10-31,Jorhat,1.0,12.0
2025-10-31,Malda,15.0,4.0
2025-10-31,Mani Square,3.0,7.0
2025-10-31,Roodraksh Mall,0.0,3.0
2025-10-31,Silchar,7.0,15.0
2025-10-31,Siliguri,0.0,8.0
2025-10-31,Siliguri 2,2.0,1.0
2025-10-31,VEGA Circle Mall,0.0,1.0
2025-11-01,Agartala,4.0,9.0
2025-11-01,CC2 Rajarhat,4.0,16.0
2025-11-01,City Centre GHY,0.0,12.0
2025-11-01,City Centre SIL,1.0,7.0
2025-11-01,Fairfield,5.0,25.0
2025-11-01,Jorhat,3.0,8.0
2025-11-01,Malda,0.0,3.0
2025-11-01,Mani Square,5.0,16.0
2025-11-01,Roodraksh Mall,0.0,4.0
2025-11-01,Silchar,4.0,11.0
2025-11-01,Siliguri,0.0,16.0
2025-11-01,Siliguri 2,1.0,6.0
2025-11-01,VEGA Circle Mall,0.0,1.0
2025-11-02,Agartala,1.0,7.0
2025-11-02,CC2 Rajarhat,5.0,24.0
2025-11-02,City Centre GHY,3.0,16.0
2025-11-02,City Centre SIL,0.0,5.0
2025-11-02,Fairfield,16.0,28.0
2025-11-02,Jorhat,3.0,3.0
2025-11-02,Malda,0.0,2.0
2025-11-02,Mani Square,4.0,10.0
2025-11-02,Roodraksh Mall,0.0,8.0
2025-11-02,Silchar,5.0,11.0
2025-11-02,Siliguri,1.0,
2025-11-02,Siliguri 2,6.0,11.0
2025-11-02,VEGA Circle Mall,0.0,2.0
2025-11-03,Agartala,5.0,14.0
2025-11-03,CC2 Rajarhat,3.0,14.0
2025-11-03,City Centre GHY,1.0,10.0
2025-11-03,City Centre SIL,1.0,5.0
2025-11-03,Fairfield,2.0,8.0
2025-11-03,Jorhat,2.0,11.0
2025-11-03,Malda,0.0,8.0
2025-11-03,Mani Square,2.0,5.0
2025-11-03,Roodraksh Mall,0.0,8.0
2025-11-03,Silchar,0.0,6.0
2025-11-03,Siliguri,1.0,20.0
2025-11-03,Siliguri 2,0.0,8.0
2025-11-03,VEGA Circle Mall,0.0,2.0
2025-11-04,Agartala,4.0,9.0
2025-11-04,CC2 Rajarhat,4.0,13.0
2025-11-04,City Centre GHY,1.0,8.0
2025-11-04,City Centre SIL,1.0,8.0
2025-11-04,Fairfield,6.0,21.0
2025-11-04,Jorhat,3.0,10.0
2025-11-04,Malda,7.0,16.0
2025-11-04,Mani Square,3.0,7.0
2025-11-04,Roodraksh Mall,0.0,2.0
2025-11-04,Silchar,2.0,12.0
2025-11-04,Siliguri,1.0,22.0
2025-11-04,Siliguri 2,0.0,7.0
2025-11-04,VEGA Circle Mall,0.0,1.0
2025-11-05,Agartala,3.0,8.0
2025-11-05,CC2 Rajarhat,3.0,17.0
2025-11-05,City Centre GHY,2.0,21.0
2025-11-05,City Centre SIL,0.0,4.0
2025-11-05,Fairfield,7.0,27.0
2025-11-05,Jorhat,11.0,15.0
2025-11-05,Malda,2.0,12.0
2025-11-05,Mani Square,2.0,12.0
2025-11-05,Roodraksh Mall,3.0,4.0
2025-11-05,Silchar,2.0,6.0
2025-11-05,Siliguri,2.0,22.0
2025-11-05,Siliguri 2,5.0,14.0
2025-11-05,VEGA Circle Mall,0.0,0.0
2025-11-06,Agartala,2.0,11.0
2025-11-06,CC2 Rajarhat,3.0,19.0
2025-11-06,City Centre GHY,1.0,8.0
2025-11-06,City Centre SIL,1.0,6.0
2025-11-06,Fairfield,2.0,15.0
2025-11-06,Jorhat,5.0,10.0
2025-11-06,Malda,1.0,8.0
2025-11-06,Mani Square,0.0,3.0
2025-11-06,Roodraksh Mall,0.0,1.0
2025-11-06,Silchar,2.0,10.0
2025-11-06,Siliguri,3.0,19.0
2025-11-06,Siliguri 2,1.0,8.0
2025-11-06,VEGA Circle Mall,0.0,2.0
2025-11-07,Agartala,1.0,8.0
2025-11-07,CC2 Rajarhat,0.0,15.0
2025-11-07,City Centre GHY,4.0,9.0
2025-11-07,City Centre SIL,1.0,2.0
2025-11-07,Fairfield,3.0,14.0
2025-11-07,Jorhat,2.0,9.0
2025-11-07,Malda,2.0,9.0
2025-11-07,Mani Square,3.0,8.0
2025-11-07,Roodraksh Mall,0.0,2.0
2025-11-07,Silchar,3.0,10.0
2025-11-07,Siliguri,2.0,24.0
2025-11-07,Siliguri 2,0.0,9.0
2025-11-07,VEGA Circle Mall,0.0,0.0
2025-11-08,Agartala,7.0,32.0
2025-11-08,CC2 Rajarhat,7.0,31.0
2025-11-08,City Centre GHY,2.0,16.0
2025-11-08,City Centre SIL,2.0,8.0
2025-11-08,Fairfield,7.0,33.0
2025-11-08,Jorhat,8.0,24.0
2025-11-08,Malda,3.0,8.0
2025-11-08,Mani Square,5.0,16.0
2025-11-08,Roodraksh Mall,2.0,6.0
2025-11-08,Silchar,3.0,10.0
2025-11-08,Siliguri,0.0,38.0
2025-11-08,Siliguri 2,4.0,16.0
2025-11-08,VEGA Circle Mall,1.0,2.0
2025-11-09,Agartala,1.0,9.0
2025-11-09,CC2 Rajarhat,3.0,28.0
2025-11-09,City Centre GHY,1.0,20.0
2025-11-09,City Centre SIL,0.0,12.0
2025-11-09,Fairfield,9.0,24.0
2025-11-09,Jorhat,2.0,5.0
2025-11-09,Malda,0.0,6.0
2025-11-09,Mani Square,6.0,15.0
2025-11-09,Roodraksh Mall,2.0,4.0
2025-11-09,Silchar,0.0,3.0
2025-11-09,Siliguri,35.0,31.0
2025-11-09,Siliguri 2,8.0,23.0
2025-11-09,VEGA Circle Mall,2.0,5.0
2025-11-10,Agartala,2.0,9.0
2025-11-10,CC2 Rajarhat,2.0,13.0
2025-11-10,City Centre GHY,1.0,13.0
2025-11-10,City Centre SIL,0.0,5.0
2025-11-10,Fairfield,6.0,15.0
2025-11-10,Jorhat,6.0,14.0
2025-11-10,Malda,1.0,6.0
2025-11-10,Mani Square,2.0,6.0
2025-11-10,Roodraksh Mall,3.0,4.0
2025-11-10,Silchar,2.0,12.0
2025-11-10,Siliguri,13.0,20.0
2025-11-10,Siliguri 2,0.0,11.0
2025-11-10,VEGA Circle Mall,1.0,0.0
2025-11-11,Agartala,0.0,9.0
2025-11-11,CC2 Rajarhat,2.0,16.0
2025-11-11,City Centre GHY,0.0,12.0
2025-11-11,City Centre SIL,0.0,6.0
2025-11-11,Fairfield,9.0,15.0
2025-11-11,Jorhat,4.0,11.0
2025-11-11,Malda,3.0,8.0
2025-11-11,Mani Square,0.0,3.0
2025-11-11,Roodraksh Mall,0.0,3.0
2025-11-11,Silchar,1.0,6.0
2025-11-11,Siliguri,4.0,18.0
2025-11-11,Siliguri 2,4.0,7.0
2025-11-11,VEGA Circle Mall,0.0,2.0
2025-11-12,Agartala,7.0,18.0
2025-11-12,CC2 Rajarhat,2.0,17.0
2025-11-12,City Centre GHY,5.0,20.0
2025-11-12,City Centre SIL,1.0,2.0
2025-11-12,Fairfield,1.0,15.0
2025-11-12,Jorhat,4.0,16.0
2025-11-12,Malda,2.0,7.0
2025-11-12,Mani Square,1.0,19.0
2025-11-12,Roodraksh Mall,0.0,5.0
2025-11-12,Silchar,4.0,8.0
2025-11-12,Siliguri,3.0,25.0
2025-11-12,Siliguri 2,3.0,13.0
2025-11-12,VEGA Circle Mall,1.0,1.0
2025-11-13,Agartala,2.0,18.0
2025-11-13,CC2 Rajarhat,4.0,15.0
2025-11-13,City Centre GHY,1.0,21.0
2025-11-13,City Centre SIL,0.0,15.0
2025-11-13,Fairfield,2.0,10.0
2025-11-13,Jorhat,4.0,11.0
2025-11-13,Malda,0.0,3.0
2025-11-13,Mani Square,4.0,9.0
2025-11-13,Roodraksh Mall,0.0,4.0
2025-11-13,Silchar,1.0,8.0
2025-11-13,Siliguri,4.0,14.0
2025-11-13,Siliguri 2,5.0,8.0
2025-11-13,VEGA Circle Mall,1.0,1.0
2025-11-14,Agartala,1.0,16.0
2025-11-14,CC2 Rajarhat,1.0,19.0
2025-11-14,City Centre GHY,1.0,11.0
2025-11-14,City Centre SIL,2.0,6.0
2025-11-14,Fairfield,4.0,17.0
2025-11-14,Jorhat,5.0,26.0
2025-11-14,Malda,1.0,7.0
2025-11-14,Mani Square,2.0,15.0
2025-11-14,Roodraksh Mall,1.0,8.0
2025-11-14,Silchar,3.0,14.0
2025-11-14,Siliguri,7.0,23.0
2025-11-14,Siliguri 2,0.0,5.0
2025-11-14,VEGA Circle Mall,0.0,2.0
2025-11-15,Agartala,3.0,19.0
2025-11-15,CC2 Rajarhat,3.0,21.0
2025-11-15,City Centre GHY,2.0,19.0
2025-11-15,City Centre SIL,3.0,11.0
2025-11-15,Fairfield,9.0,29.0
2025-11-15,Jorhat,3.0,26.0
2025-11-15,Malda,5.0,11.0
2025-11-15,Mani Square,2.0,14.0
2025-11-15,Roodraksh Mall,2.0,8.0
2025-11-15,Silchar,1.0,11.0
2025-11-15,Siliguri,2.0,27.0
2025-11-15,Siliguri 2,6.0,13.0
2025-11-15,VEGA Circle Mall,0.0,2.0
2025-11-16,Agartala,3.0,16.0
2025-11-16,CC2 Rajarhat,11.0,34.0
2025-11-16,City Centre GHY,0.0,23.0
2025-11-16,City Centre SIL,3.0,15.0
2025-11-16,Fairfield,13.0,38.0
2025-11-16,Jorhat,5.0,13.0
2025-11-16,Malda,3.0,7.0
2025-11-16,Mani Square,3.0,15.0
2025-11-16,Roodraksh Mall,2.0,3.0
2025-11-16,Silchar,6.0,20.0
2025-11-16,Siliguri,3.0,30.0
2025-11-16,Siliguri 2,4.0,17.0
2025-11-16,VEGA Circle Mall,4.0,6.0
2025-11-17,Agartala,4.0,17.0
2025-11-17,CC2 Rajarhat,3.0,17.0
2025-11-17,City Centre GHY,0.0,9.0
2025-11-17,City Centre SIL,3.0,7.0
2025-11-17,Fairfield,3.0,15.0
2025-11-17,Jorhat,4.0,13.0
2025-11-17,Malda,3.0,13.0
2025-11-17,Mani Square,2.0,6.0
2025-11-17,Roodraksh Mall,3.0,6.0
2025-11-17,Silchar,1.0,15.0
2025-11-17,Siliguri,13.0,24.0
2025-11-17,Siliguri 2,2.0,12.0
2025-11-17,VEGA Circle Mall,1.0,1.0
2025-11-18,Agartala,3.0,15.0
2025-11-18,CC2 Rajarhat,1.0,9.0
2025-11-18,City Centre GHY,0.0,13.0
2025-11-18,City Centre SIL,3.0,7.0
2025-11-18,Fairfield,6.0,21.0
2025-11-18,Jorhat,3.0,17.0
2025-11-18,Malda,6.0,11.0
2025-11-18,Mani Square,1.0,8.0
2025-11-18,Roodraksh Mall,1.0,4.0
2025-11-18,Silchar,3.0,10.0
2025-11-18,Siliguri,9.0,27.0
2025-11-18,Siliguri 2,4.0,15.0
2025-11-18,VEGA Circle Mall,0.0,0.0
2025-11-19,Agartala,3.0,14.0
2025-11-19,CC2 Rajarhat,5.0,23.0
2025-11-19,City Centre GHY,2.0,23.0
2025-11-19,City Centre SIL,3.0,9.0
2025-11-19,Fairfield,7.0,21.0
2025-11-19,Jorhat,8.0,26.0
2025-11-19,Malda,3.0,11.0
2025-11-19,Mani Square,0.0,8.0
2025-11-19,Roodraksh Mall,1.0,5.0
2025-11-19,Silchar,6.0,15.0
2025-11-19,Siliguri,7.0,26.0
2025-11-19,Siliguri 2,1.0,6.0
2025-11-19,VEGA Circle Mall,1.0,0.0
2025-11-20,Agartala,2.0,26.0
2025-11-20,CC2 Rajarhat,2.0,22.0
2025-11-20,City Centre GHY,0.0,21.0
2025-11-20,City Centre SIL,1.0,8.0
2025-11-20,Fairfield,4.0,21.0
2025-11-20,Jorhat,7.0,18.0
2025-11-20,Malda,5.0,7.0
2025-11-20,Mani Square,4.0,11.0
2025-11-20,Roodraksh Mall,3.0,10.0
2025-11-20,Silchar,7.0,18.0
2025-11-20,Siliguri,10.0,28.0
2025-11-20,Siliguri 2,5.0,14.0
2025-11-20,VEGA Circle Mall,1.0,2.0
2025-11-21,Agartala,2.0,14.0
2025-11-21,CC2 Rajarhat,2.0,23.0
2025-11-21,City Centre GHY,0.0,31.0
2025-11-21,City Centre SIL,1.0,8.0
2025-11-21,Fairfield,7.0,24.0
2025-11-21,Jorhat,8.0,18.0
2025-11-21,Malda,4.0,12.0
2025-11-21,Mani Square,0.0,14.0
2025-11-21,Roodraksh Mall,3.0,7.0
2025-11-21,Silchar,2.0,10.0
2025-11-21,Siliguri,9.0,29.0
2025-11-21,Siliguri 2,1.0,14.0
2025-11-21,VEGA Circle Mall,0.0,5.0
2025-11-22,Agartala,3.0,26.0
2025-11-22,CC2 Rajarhat,6.0,36.0
2025-11-22,City Centre GHY,0.0,22.0
2025-11-22,City Centre SIL,1.0,12.0
2025-11-22,Fairfield,8.0,36.0
2025-11-22,Jorhat,5.0,23.0
2025-11-22,Malda,6.0,26.0
2025-11-22,Mani Square,8.0,15.0
2025-11-22,Roodraksh Mall,2.0,7.0
2025-11-22,Silchar,5.0,25.0
2025-11-22,Siliguri,15.0,30.0
2025-11-22,Siliguri 2,3.0,15.0
2025-11-22,VEGA Circle Mall,0.0,2.0
2025-11-23,Agartala,9.0,22.0
2025-11-23,CC2 Rajarhat,2.0,44.0
2025-11-23,City Centre GHY,2.0,18.0
2025-11-23,City Centre SIL,1.0,11.0
2025-11-23,Fairfield,12.0,35.0
2025-11-23,Jorhat,2.0,11.0
2025-11-23,Malda,5.0,10.0
2025-11-23,Mani Square,13.0,29.0
2025-11-23,Roodraksh Mall,1.0,7.0
2025-11-23,Silchar,4.0,19.0
2025-11-23,Siliguri,7.0,38.0
2025-11-23,Siliguri 2,3.0,14.0
2025-11-23,VEGA Circle Mall,1.0,2.0
2025-11-24,Agartala,7.0,24.0
2025-11-24,CC2 Rajarhat,6.0,33.0
2025-11-24,City Centre GHY,0.0,27.0
2025-11-24,City Centre SIL,4.0,8.0
2025-11-24,Fairfield,4.0,26.0
2025-11-24,Jorhat,5.0,23.0
2025-11-24,Malda,3.0,18.0
2025-11-24,Mani Square,1.0,7.0
2025-11-24,Roodraksh Mall,1.0,9.0
2025-11-24,Silchar,2.0,17.0
2025-11-24,Siliguri,4.0,19.0
2025-11-24,Siliguri 2,1.0,12.0
2025-11-24,VEGA Circle Mall,0.0,1.0
2025-11-25,Agartala,8.0,28.0
2025-11-25,CC2 Rajarhat,2.0,32.0
2025-11-25,City Centre GHY,0.0,10.0
2025-11-25,City Centre SIL,6.0,10.0
2025-11-25,Fairfield,6.0,27.0
2025-11-25,Jorhat,2.0,22.0
2025-11-25,Malda,2.0,12.0
2025-11-25,Mani Square,2.0,8.0
2025-11-25,Roodraksh Mall,2.0,4.0
2025-11-25,Silchar,4.0,17.0
2025-11-25,Siliguri,6.0,19.0
2025-11-25,Siliguri 2,3.0,5.0
2025-11-25,VEGA Circle Mall,0.0,2.0
2025-11-26,Agartala,8.0,17.0
2025-11-26,CC2 Rajarhat,0.0,23.0
2025-11-26,City Centre GHY,1.0,26.0
2025-11-26,City Centre SIL,10.0,7.0
2025-11-26,Fairfield,14.0,31.0
2025-11-26,Jorhat,3.0,16.0
2025-11-26,Malda,8.0,18.0
2025-11-26,Mani Square,3.0,9.0
2025-11-26,Roodraksh Mall,0.0,7.0
2025-11-26,Silchar,5.0,24.0
2025-11-26,Siliguri,5.0,17.0
2025-11-26,Siliguri 2,6.0,10.0
2025-11-26,VEGA Circle Mall,0.0,2.0
2025-11-27,Agartala,9.0,13.0
2025-11-27,CC2 Rajarhat,1.0,26.0
2025-11-27,City Centre GHY,0.0,16.0
2025-11-27,City Centre SIL,6.0,4.0
2025-11-27,Fairfield,5.0,16.0
2025-11-27,Jorhat,3.0,13.0
2025-11-27,Malda,4.0,12.0
2025-11-27,Mani Square,4.0,11.0
2025-11-27,Roodraksh Mall,1.0,7.0
2025-11-27,Silchar,5.0,11.0
2025-11-27,Siliguri,13.0,28.0
2025-11-27,Siliguri 2,2.0,5.0
2025-11-27,VEGA Circle Mall,1.0,2.0
2025-11-28,Agartala,9.0,21.0
2025-11-28,CC2 Rajarhat,1.0,29.0
2025-11-28,City Centre GHY,0.0,17.0
2025-11-28,City Centre SIL,8.0,4.0
2025-11-28,Fairfield,12.0,20.0
2025-11-28,Jorhat,3.0,14.0
2025-11-28,Malda,6.0,0.0
2025-11-28,Mani Square,4.0,6.0
2025-11-28,Roodraksh Mall,0.0,1.0
2025-11-28,Silchar,3.0,14.0
2025-11-28,Siliguri,4.0,15.0
2025-11-28,Siliguri 2,5.0,10.0
2025-11-28,VEGA Circle Mall,1.0,4.0
2025-11-29,Agartala,20.0,22.0
2025-11-29,CC2 Rajarhat,5.0,29.0
2025-11-29,City Centre GHY,4.0,30.0
2025-11-29,City Centre SIL,8.0,8.0
2025-11-29,Fairfield,7.0,28.0
2025-11-29,Jorhat,6.0,18.0
2025-11-29,Malda,3.0,15.0
2025-11-29,Mani Square,2.0,8.0
2025-11-29,Roodraksh Mall,1.0,5.0
2025-11-29,Silchar,5.0,11.0
2025-11-29,Siliguri,6.0,28.0
2025-11-29,Siliguri 2,1.0,7.0
2025-11-29,VEGA Circle Mall,0.0,3.0
2025-11-30,Agartala,13.0,19.0
2025-11-30,CC2 Rajarhat,3.0,34.0
2025-11-30,City Centre GHY,2.0,16.0
2025-11-30,City Centre SIL,9.0,7.0
2025-11-30,Fairfield,12.0,20.0
2025-11-30,Jorhat,6.0,8.0
2025-11-30,Malda,5.0,10.0
2025-11-30,Mani Square,17.0,13.0
2025-11-30,Roodraksh Mall,2.0,7.0
2025-11-30,Silchar,4.0,17.0
2025-11-30,Siliguri,19.0,28.0
2025-11-30,Siliguri 2,3.0,9.0
2025-11-30,VEGA Circle Mall,1.0,1.0
2025-12-01,Agartala,1.0,15.0
2025-12-01,CC2 Rajarhat,3.0,22.0
2025-12-01,City Centre GHY,2.0,14.0
2025-12-01,City Centre SIL,0.0,6.0
2025-12-01,Fairfield,3.0,12.0
2025-12-01,Jorhat,0.0,6.0
2025-12-01,Malda,4.0,9.0
2025-12-01,Mani Square,7.0,10.0
2025-12-01,Roodraksh Mall,1.0,4.0
2025-12-01,Silchar,1.0,7.0
2025-12-01,Siliguri,9.0,13.0
2025-12-01,Siliguri 2,6.0,17.0
2025-12-01,VEGA Circle Mall,1.0,1.0
2025-12-02,Agartala,6.0,14.0
2025-12-02,CC2 Rajarhat,3.0,17.0
2025-12-02,City Centre GHY,1.0,13.0
2025-12-02,City Centre SIL,0.0,2.0
2025-12-02,Fairfield,8.0,27.0
2025-12-02,Jorhat,2.0,10.0
2025-12-02,Malda,4.0,7.0
2025-12-02,Mani Square,4.0,7.0
2025-12-02,Roodraksh Mall,0.0,6.0
2025-12-02,Silchar,2.0,10.0
2025-12-02,Siliguri,8.0,21.0
2025-12-02,Siliguri 2,2.0,9.0
2025-12-02,VEGA Circle Mall,0.0,0.0
2025-12-03,Agartala,2.0,11.0
2025-12-03,CC2 Rajarhat,0.0,17.0
2025-12-03,City Centre GHY,0.0,19.0
2025-12-03,City Centre SIL,1.0,8.0
2025-12-03,Fairfield,3.0,20.0
2025-12-03,Jorhat,1.0,3.0
2025-12-03,Malda,1.0,8.0
2025-12-03,Mani Square,2.0,10.0
2025-12-03,Roodraksh Mall,1.0,11.0
2025-12-03,Silchar,4.0,8.0
2025-12-03,Siliguri,4.0,15.0
2025-12-03,Siliguri 2,0.0,5.0
2025-12-03,VEGA Circle Mall,0.0,2.0
2025-12-04,Agartala,3.0,19.0
2025-12-04,CC2 Rajarhat,1.0,20.0
2025-12-04,City Centre GHY,1.0,12.0
2025-12-04,City Centre SIL,2.0,3.0
2025-12-04,Fairfield,7.0,18.0
2025-12-04,Jorhat,2.0,8.0
2025-12-04,Malda,4.0,9.0
2025-12-04,Mani Square,2.0,14.0
2025-12-04,Roodraksh Mall,1.0,1.0
2025-12-04,Silchar,2.0,9.0
2025-12-04,Siliguri,8.0,15.0
2025-12-04,Siliguri 2,3.0,8.0
2025-12-04,VEGA Circle Mall,0.0,0.0
2025-12-05,Agartala,8.0,16.0
2025-12-05,CC2 Rajarhat,1.0,20.0
2025-12-05,City Centre GHY,0.0,16.0
2025-12-05,City Centre SIL,3.0,1.0
2025-12-05,Fairfield,5.0,17.0
2025-12-05,Jorhat,0.0,9.0
2025-12-05,Malda,1.0,5.0
2025-12-05,Mani Square,4.0,5.0
2025-12-05,Roodraksh Mall,1.0,4.0
2025-12-05,Silchar,2.0,12.0
2025-12-05,Siliguri,1.0,18.0
2025-12-05,Siliguri 2,0.0,3.0
2025-12-05,VEGA Circle Mall,0.0,1.0
2025-12-06,Agartala,9.0,16.0
2025-12-06,CC2 Rajarhat,4.0,0.0
2025-12-06,City Centre GHY,4.0,13.0
2025-12-06,City Centre SIL,1.0,6.0
2025-12-06,Fairfield,5.0,16.0
2025-12-06,Jorhat,1.0,7.0
2025-12-06,Malda,1.0,8.0
2025-12-06,Mani Square,6.0,9.0
2025-12-06,Roodraksh Mall,1.0,3.0
2025-12-06,Silchar,3.0,7.0
2025-12-06,Siliguri,1.0,20.0
2025-12-06,Siliguri 2,0.0,4.0
2025-12-06,VEGA Circle Mall,1.0,1.0
2025-12-07,Agartala,3.0,9.0
2025-12-07,CC2 Rajarhat,3.0,23.0
2025-12-07,City Centre GHY,3.0,12.0
2025-12-07,City Centre SIL,2.0,11.0
2025-12-07,Fairfield,12.0,24.0
2025-12-07,Jorhat,3.0,4.0
2025-12-07,Malda,1.0,5.0
2025-12-07,Mani Square,7.0,17.0
2025-12-07,Roodraksh Mall,1.0,5.0
2025-12-07,Silchar,1.0,7.0
2025-12-07,Siliguri,4.0,16.0
2025-12-07,Siliguri 2,6.0,9.0
2025-12-07,VEGA Circle Mall,0.0,0.0
2025-12-08,Agartala,7.0,8.0
2025-12-08,CC2 Rajarhat,4.0,11.0
2025-12-08,City Centre GHY,0.0,8.0
2025-12-08,City Centre SIL,0.0,3.0
2025-12-08,Fairfield,4.0,15.0
2025-12-08,Jorhat,3.0,11.0
2025-12-08,Malda,2.0,8.0
2025-12-08,Mani Square,1.0,6.0
2025-12-08,Roodraksh Mall,1.0,4.0
2025-12-08,Silchar,1.0,2.0
2025-12-08,Siliguri,2.0,13.0
2025-12-08,Siliguri 2,4.0,6.0
2025-12-08,VEGA Circle Mall,0.0,0.0
2025-12-09,Agartala,7.0,5.0
2025-12-09,CC2 Rajarhat,1.0,9.0
2025-12-09,City Centre GHY,0.0,8.0
2025-12-09,City Centre SIL,0.0,4.0
2025-12-09,Fairfield,2.0,15.0
2025-12-09,Jorhat,1.0,6.0
2025-12-09,Malda,6.0,11.0
2025-12-09,Mani Square,0.0,4.0
2025-12-09,Roodraksh Mall,0.0,4.0
2025-12-09,Silchar,3.0,7.0
2025-12-09,Siliguri,2.0,11.0
2025-12-09,Siliguri 2,1.0,3.0
2025-12-09,VEGA Circle Mall,0.0,0.0
2025-12-10,Agartala,7.0,11.0
2025-12-10,CC2 Rajarhat,1.0,11.0
2025-12-10,City Centre GHY,0.0,9.0
2025-12-10,City Centre SIL,0.0,4.0
2025-12-10,Fairfield,2.0,12.0
2025-12-10,Jorhat,3.0,10.0
2025-12-10,Malda,0.0,6.0
2025-12-10,Mani Square,2.0,4.0
2025-12-10,Roodraksh Mall,1.0,4.0
2025-12-10,Silchar,2.0,7.0
2025-12-10,Siliguri,2.0,10.0
2025-12-10,Siliguri 2,0.0,10.0
2025-12-10,VEGA Circle Mall,0.0,0.0
2025-12-11,Agartala,1.0,11.0
2025-12-11,CC2 Rajarhat,2.0,40.0
2025-12-11,City Centre GHY,0.0,10.0
2025-12-11,City Centre SIL,0.0,2.0
2025-12-11,Fairfield,5.0,17.0
2025-12-11,Jorhat,0.0,8.0
2025-12-11,Malda,1.0,8.0
2025-12-11,Mani Square,0.0,8.0
2025-12-11,Roodraksh Mall,0.0,2.0
2025-12-11,Silchar,0.0,4.0
2025-12-11,Siliguri,0.0,10.0
2025-12-11,Siliguri 2,2.0,4.0
2025-12-11,VEGA Circle Mall,0.0,0.0
2025-12-12,Agartala,3.0,
2025-12-12,CC2 Rajarhat,1.0,
2025-12-12,City Centre GHY,1.0,10.0
2025-12-12,City Centre SIL,1.0,8.0
2025-12-12,Fairfield,6.0,17.0
2025-12-12,Jorhat,4.0,10.0
2025-12-12,Malda,2.0,
2025-12-12,Mani Square,0.0,3.0
2025-12-12,Roodraksh Mall,1.0,2.0
2025-12-12,Silchar,2.0,4.0
2025-12-12,Siliguri,1.0,14.0
2025-12-12,Siliguri 2,2.0,7.0
2025-12-12,VEGA Circle Mall,0.0,0.0
2025-12-13,Agartala,8.0,16.0
2025-12-13,CC2 Rajarhat,1.0,21.0
2025-12-13,City Centre GHY,2.0,6.0
2025-12-13,City Centre SIL,2.0,4.0
2025-12-13,Fairfield,12.0,19.0
2025-12-13,Jorhat,2.0,16.0
2025-12-13,Malda,2.0,4.0
2025-12-13,Mani Square,4.0,14.0
2025-12-13,Roodraksh Mall,0.0,4.0
2025-12-13,Silchar,0.0,6.0
2025-12-13,Siliguri,3.0,18.0
2025-12-13,Siliguri 2,0.0,6.0
2025-12-13,VEGA Circle Mall,0.0,1.0
2025-12-14,Agartala,2.0,10.0
2025-12-14,CC2 Rajarhat,5.0,0.0
2025-12-14,City Centre GHY,1.0,14.0
2025-12-14,City Centre SIL,3.0,6.0
2025-12-14,Fairfield,9.0,20.0
2025-12-14,Jorhat,0.0,2.0
2025-12-14,Malda,0.0,7.0
2025-12-14,Mani Square,2.0,7.0
2025-12-14,Roodraksh Mall,2.0,2.0
2025-12-14,Silchar,2.0,7.0
2025-12-14,Siliguri,6.0,19.0
2025-12-14,Siliguri 2,4.0,9.0
2025-12-14,VEGA Circle Mall,1.0,3.0
2025-12-15,Agartala,4.0,16.0
2025-12-15,CC2 Rajarhat,1.0,8.0
2025-12-15,City Centre GHY,0.0,9.0
2025-12-15,City Centre SIL,1.0,4.0
2025-12-15,Fairfield,6.0,11.0
2025-12-15,Jorhat,2.0,9.0
2025-12-15,Malda,0.0,2.0
2025-12-15,Mani Square,1.0,6.0
2025-12-15,Roodraksh Mall,0.0,4.0
2025-12-15,Silchar,2.0,5.0
2025-12-15,Siliguri,1.0,10.0
2025-12-15,Siliguri 2,0.0,7.0
2025-12-15,VEGA Circle Mall,0.0,0.0
2025-12-16,Agartala,2.0,6.0
2025-12-16,CC2 Rajarhat,2.0,4.0
2025-12-16,City Centre GHY,0.0,5.0
2025-12-16,City Centre SIL,0.0,5.0
2025-12-16,Fairfield,5.0,19.0
2025-12-16,Jorhat,3.0,5.0
2025-12-16,Malda,3.0,6.0
2025-12-16,Mani Square,2.0,3.0
2025-12-16,Roodraksh Mall,0.0,3.0
2025-12-16,Silchar,1.0,4.0
2025-12-16,Siliguri,0.0,11.0
2025-12-16,Siliguri 2,1.0,1.0
2025-12-16,VEGA Circle Mall,0.0,1.0
2025-12-17,Agartala,2.0,5.0
2025-12-17,CC2 Rajarhat,1.0,6.0
2025-12-17,City Centre GHY,0.0,6.0
2025-12-17,City Centre SIL,1.0,6.0
2025-12-17,Fairfield,3.0,8.0
2025-12-17,Jorhat,1.0,5.0
2025-12-17,Malda,0.0,5.0
2025-12-17,Mani Square,1.0,10.0
2025-12-17,Roodraksh Mall,0.0,1.0
2025-12-17,Silchar,0.0,3.0
2025-12-17,Siliguri,0.0,6.0
2025-12-17,Siliguri 2,1.0,4.0
2025-12-17,VEGA Circle Mall,0.0,0.0
2025-12-18,Agartala,0.0,4.0
2025-12-18,CC2 Rajarhat,0.0,10.0
2025-12-18,City Centre GHY,0.0,10.0
2025-12-18,City Centre SIL,0.0,5.0
2025-12-18,Fairfield,5.0,9.0
2025-12-18,Jorhat,1.0,5.0
2025-12-18,Malda,2.0,4.0
2025-12-18,Mani Square,3.0,5.0
2025-12-18,Roodraksh Mall,1.0,3.0
2025-12-18,Silchar,1.0,8.0
2025-12-18,Siliguri,0.0,9.0
2025-12-18,Siliguri 2,3.0,4.0
2025-12-18,VEGA Circle Mall,1.0,2.0
2025-12-19,Agartala,2.0,6.0
2025-12-19,CC2 Rajarhat,0.0,8.0
2025-12-19,City Centre GHY,0.0,5.0
2025-12-19,City Centre SIL,1.0,3.0
2025-12-19,Fairfield,1.0,9.0
2025-12-19,Jorhat,2.0,3.0
2025-12-19,Malda,1.0,3.0
2025-12-19,Mani Square,2.0,5.0
2025-12-19,Roodraksh Mall,0.0,3.0
2025-12-19,Silchar,4.0,10.0
2025-12-19,Siliguri,3.0,14.0
2025-12-19,Siliguri 2,1.0,7.0
2025-12-19,VEGA Circle Mall,0.0,1.0
2025-12-20,Agartala,0.0,3.0
2025-12-20,CC2 Rajarhat,2.0,8.0
2025-12-20,City Centre GHY,2.0,14.0
2025-12-20,City Centre SIL,2.0,2.0
2025-12-20,Fairfield,3.0,20.0
2025-12-20,Jorhat,1.0,4.0
2025-12-20,Malda,2.0,3.0
2025-12-20,Mani Square,1.0,6.0
2025-12-20,Roodraksh Mall,0.0,1.0
2025-12-20,Silchar,2.0,10.0
2025-12-20,Siliguri,4.0,15.0
2025-12-20,Siliguri 2,3.0,5.0
2025-12-20,VEGA Circle Mall,0.0,1.0
2025-12-21,Agartala,1.0,5.0
2025-12-21,CC2 Rajarhat,1.0,21.0
2025-12-21,City Centre GHY,1.0,4.0
2025-12-21,City Centre SIL,1.0,5.0
2025-12-21,Fairfield,11.0,28.0
2025-12-21,Jorhat,3.0,5.0
2025-12-21,Malda,3.0,4.0
2025-12-21,Mani Square,2.0,5.0
2025-12-21,Roodraksh Mall,0.0,5.0
2025-12-21,Silchar,4.0,6.0
2025-12-21,Siliguri,1.0,6.0
2025-12-21,Siliguri 2,1.0,4.0
2025-12-21,VEGA Circle Mall,0.0,0.0
2025-12-22,Agartala,2.0,7.0
2025-12-22,CC2 Rajarhat,0.0,6.0
2025-12-22,City Centre GHY,0.0,4.0
2025-12-22,City Centre SIL,0.0,2.0
2025-12-22,Fairfield,1.0,5.0
2025-12-22,Jorhat,1.0,10.0
2025-12-22,Malda,3.0,4.0
2025-12-22,Mani Square,1.0,5.0
2025-12-22,Roodraksh Mall,0.0,1.0
2025-12-22,Silchar,2.0,6.0
2025-12-22,Siliguri,0.0,10.0
2025-12-22,Siliguri 2,0.0,2.0
2025-12-22,VEGA Circle Mall,0.0,3.0
2025-12-23,Agartala,0.0,6.0
2025-12-23,CC2 Rajarhat,1.0,0.0
2025-12-23,City Centre GHY,0.0,7.0
2025-12-23,City Centre SIL,1.0,2.0
2025-12-23,Fairfield,5.0,21.0
2025-12-23,Jorhat,0.0,4.0
2025-12-23,Malda,1.0,2.0
2025-12-23,Mani Square,3.0,3.0
2025-12-23,Roodraksh Mall,1.0,1.0
2025-12-23,Silchar,1.0,6.0
2025-12-23,Siliguri,0.0,9.0
2025-12-23,Siliguri 2,1.0,1.0
2025-12-23,VEGA Circle Mall,0.0,0.0
2025-12-24,Agartala,2.0,5.0
2025-12-24,CC2 Rajarhat,0.0,4.0
2025-12-24,City Centre GHY,4.0,4.0
2025-12-24,City Centre SIL,2.0,2.0
2025-12-24,Fairfield,3.0,13.0
2025-12-24,Jorhat,2.0,8.0
2025-12-24,Malda,2.0,8.0
2025-12-24,Mani Square,2.0,4.0
2025-12-24,Roodraksh Mall,0.0,2.0
2025-12-24,Silchar,3.0,11.0
2025-12-24,Siliguri,0.0,8.0
2025-12-24,Siliguri 2,1.0,3.0
2025-12-24,VEGA Circle Mall,1.0,1.0
2025-12-25,Agartala,2.0,5.0
2025-12-25,CC2 Rajarhat,3.0,17.0
2025-12-25,City Centre GHY,0.0,5.0
2025-12-25,City Centre SIL,0.0,1.0
2025-12-25,Fairfield,7.0,18.0
2025-12-25,Jorhat,3.0,8.0
2025-12-25,Malda,4.0,3.0
2025-12-25,Mani Square,1.0,7.0
2025-12-25,Roodraksh Mall,0.0,1.0
2025-12-25,Silchar,2.0,9.0
2025-12-25,Siliguri,2.0,9.0
2025-12-25,Siliguri 2,3.0,6.0
2025-12-25,VEGA Circle Mall,1.0,2.0
2025-12-26,Agartala,1.0,2.0
2025-12-26,CC2 Rajarhat,3.0,9.0
2025-12-26,City Centre GHY,1.0,8.0
2025-12-26,City Centre SIL,0.0,1.0
2025-12-26,Fairfield,2.0,11.0
2025-12-26,Jorhat,2.0,4.0
2025-12-26,Malda,2.0,5.0
2025-12-26,Mani Square,2.0,6.0
2025-12-26,Roodraksh Mall,1.0,4.0
2025-12-26,Silchar,0.0,6.0
2025-12-26,Siliguri,1.0,11.0
2025-12-26,Siliguri 2,2.0,8.0
2025-12-26,VEGA Circle Mall,0.0,0.0
2025-12-27,Agartala,2.0,5.0
2025-12-27,CC2 Rajarhat,2.0,21.0
2025-12-27,City Centre GHY,1.0,6.0
2025-12-27,City Centre SIL,2.0,2.0
2025-12-27,Fairfield,8.0,15.0
2025-12-27,Jorhat,5.0,6.0
2025-12-27,Malda,1.0,9.0
2025-12-27,Mani Square,1.0,3.0
2025-12-27,Roodraksh Mall,1.0,4.0
2025-12-27,Silchar,4.0,7.0
2025-12-27,Siliguri,5.0,13.0
2025-12-27,Siliguri 2,1.0,3.0
2025-12-27,VEGA Circle Mall,0.0,3.0
2025-12-28,Agartala,1.0,5.0
2025-12-28,CC2 Rajarhat,1.0,12.0
2025-12-28,City Centre GHY,2.0,10.0
2025-12-28,City Centre SIL,3.0,6.0
2025-12-28,Fairfield,18.0,9.0
2025-12-28,Jorhat,0.0,1.0
2025-12-28,Malda,0.0,6.0
2025-12-28,Mani Square,4.0,10.0
2025-12-28,Roodraksh Mall,1.0,3.0
2025-12-28,Silchar,2.0,5.0
2025-12-28,Siliguri,0.0,8.0
2025-12-28,Siliguri 2,4.0,5.0
2025-12-28,VEGA Circle Mall,0.0,0.0
2025-12-29,Agartala,0.0,1.0
2025-12-29,CC2 Rajarhat,3.0,9.0
2025-12-29,City Centre GHY,2.0,11.0
2025-12-29,City Centre SIL,3.0,4.0
2025-12-29,Fairfield,5.0,9.0
2025-12-29,Jorhat,2.0,5.0
2025-12-29,Malda,4.0,0.0
2025-12-29,Mani Square,4.0,7.0
2025-12-29,Roodraksh Mall,1.0,1.0
2025-12-29,Silchar,5.0,8.0
2025-12-29,Siliguri,3.0,11.0
2025-12-29,Siliguri 2,0.0,1.0
2025-12-29,VEGA Circle Mall,0.0,0.0
2025-12-30,Agartala,3.0,5.0
2025-12-30,CC2 Rajarhat,0.0,7.0
2025-12-30,City Centre GHY,1.0,4.0
2025-12-30,City Centre SIL,4.0,3.0
2025-12-30,Fairfield,2.0,4.0
2025-12-30,Jorhat,1.0,7.0
2025-12-30,Malda,0.0,9.0
2025-12-30,Mani Square,0.0,4.0
2025-12-30,Roodraksh Mall,1.0,1.0
2025-12-30,Silchar,1.0,3.0
2025-12-30,Siliguri,1.0,12.0
2025-12-30,Siliguri 2,0.0,1.0
2025-12-30,VEGA Circle Mall,0.0,0.0
2025-12-31,Agartala,4.0,5.0
2025-12-31,CC2 Rajarhat,12.0,9.0
2025-12-31,City Centre GHY,0.0,3.0
2025-12-31,City Centre SIL,16.0,1.0
2025-12-31,Fairfield,2.0,14.0
2025-12-31,Jorhat,1.0,6.0
2025-12-31,Malda,3.0,7.0
2025-12-31,Mani Square,2.0,6.0
2025-12-31,Roodraksh Mall,14.0,2.0
2025-12-31,Silchar,3.0,6.0
2025-12-31,Siliguri,1.0,17.0
2025-12-31,Siliguri 2,3.0,7.0
2025-12-31,VEGA Circle Mall,0.0,0.0
2026-01-01,Agartala,5.0,9.0
2026-01-01,CC2 Rajarhat,1.0,10.0
2026-01-01,City Centre GHY,0.0,4.0
2026-01-01,City Centre SIL,0.0,3.0
2026-01-01,Fairfield,5.0,11.0
2026-01-01,Jorhat,3.0,5.0
2026-01-01,Malda,1.0,3.0
2026-01-01,Mani Square,3.0,7.0
2026-01-01,Roodraksh Mall,2.0,2.0
2026-01-01,Silchar,2.0,9.0
2026-01-01,Siliguri,2.0,13.0
2026-01-01,Siliguri 2,1.0,6.0
2026-01-01,VEGA Circle Mall,0.0,1.0
2026-01-02,Agartala,1.0,3.0
2026-01-02,CC2 Rajarhat,2.0,5.0
2026-01-02,City Centre GHY,1.0,4.0
2026-01-02,City Centre SIL,0.0,3.0
2026-01-02,Fairfield,4.0,9.0
2026-01-02,Jorhat,3.0,4.0
2026-01-02,Malda,0.0,4.0
2026-01-02,Mani Square,1.0,4.0
2026-01-02,Roodraksh Mall,0.0,2.0
2026-01-02,Silchar,3.0,6.0
2026-01-02,Siliguri,0.0,5.0
2026-01-02,Siliguri 2,4.0,6.0
2026-01-02,VEGA Circle Mall,0.0,0.0
2026-01-03,Agartala,1.0,3.0
2026-01-03,CC2 Rajarhat,2.0,13.0
2026-01-03,City Centre GHY,1.0,13.0
2026-01-03,City Centre SIL,0.0,3.0
2026-01-03,Fairfield,2.0,6.0
2026-01-03,Jorhat,1.0,6.0
2026-01-03,Malda,0.0,4.0
2026-01-03,Mani Square,5.0,8.0
2026-01-03,Roodraksh Mall,1.0,2.0
2026-01-03,Silchar,7.0,12.0
2026-01-03,Siliguri,26.0,10.0
2026-01-03,Siliguri 2,3.0,8.0
2026-01-03,VEGA Circle Mall,0.0,2.0
2026-01-04,Agartala,1.0,3.0
2026-01-04,CC2 Rajarhat,2.0,12.0
2026-01-04,City Centre GHY,0.0,10.0
2026-01-04,City Centre SIL,1.0,5.0
2026-01-04,Fairfield,5.0,9.0
2026-01-04,Jorhat,0.0,5.0
2026-01-04,Malda,0.0,4.0
2026-01-04,Mani Square,2.0,5.0
2026-01-04,Roodraksh Mall,0.0,2.0
2026-01-04,Silchar,2.0,4.0
2026-01-04,Siliguri,7.0,20.0
2026-01-04,Siliguri 2,1.0,5.0
2026-01-04,VEGA Circle Mall,1.0,0.0
2026-01-05,Agartala,1.0,6.0
2026-01-05,CC2 Rajarhat,2.0,7.0
2026-01-05,City Centre GHY,2.0,8.0
2026-01-05,City Centre SIL,1.0,3.0
2026-01-05,Fairfield,2.0,10.0
2026-01-05,Jorhat,0.0,3.0
2026-01-05,Malda,2.0,4.0
2026-01-05,Mani Square,1.0,4.0
2026-01-05,Roodraksh Mall,1.0,1.0
2026-01-05,Silchar,2.0,4.0
2026-01-05,Siliguri,0.0,3.0
2026-01-05,Siliguri 2,0.0,5.0
2026-01-05,VEGA Circle Mall,1.0,2.0
2026-01-06,Agartala,1.0,3.0
2026-01-06,CC2 Rajarhat,3.0,9.0
2026-01-06,City Centre GHY,2.0,9.0
2026-01-06,City Centre SIL,2.0,4.0
2026-01-06,Fairfield,3.0,4.0
2026-01-06,Jorhat,4.0,7.0
2026-01-06,Malda,2.0,8.0
2026-01-06,Mani Square,3.0,6.0
2026-01-06,Roodraksh Mall,0.0,1.0
2026-01-06,Silchar,1.0,4.0
2026-01-06,Siliguri,13.0,6.0
2026-01-06,Siliguri 2,2.0,4.0
2026-01-06,VEGA Circle Mall,0.0,0.0
2026-01-07,Agartala,3.0,4.0
2026-01-07,CC2 Rajarhat,0.0,3.0
2026-01-07,City Centre GHY,1.0,7.0
2026-01-07,City Centre SIL,1.0,3.0
2026-01-07,Fairfield,3.0,9.0
2026-01-07,Jorhat,3.0,7.0
2026-01-07,Malda,1.0,3.0
2026-01-07,Mani Square,2.0,4.0
2026-01-07,Roodraksh Mall,1.0,3.0
2026-01-07,Silchar,2.0,4.0
2026-01-07,Siliguri,4.0,18.0
2026-01-07,Siliguri 2,2.0,4.0
2026-01-07,VEGA Circle Mall,0.0,0.0
2026-01-08,Agartala,2.0,10.0
2026-01-08,CC2 Rajarhat,2.0,11.0
2026-01-08,City Centre GHY,0.0,4.0
2026-01-08,City Centre SIL,0.0,4.0
2026-01-08,Fairfield,8.0,11.0
2026-01-08,Jorhat,4.0,6.0
2026-01-08,Malda,0.0,8.0
2026-01-08,Mani Square,1.0,5.0
2026-01-08,Roodraksh Mall,1.0,3.0
2026-01-08,Silchar,3.0,3.0
2026-01-08,Siliguri,5.0,13.0
2026-01-08,Siliguri 2,1.0,3.0
2026-01-08,VEGA Circle Mall,0.0,0.0
2026-01-09,Agartala,1.0,5.0
2026-01-09,CC2 Rajarhat,3.0,9.0
2026-01-09,City Centre GHY,1.0,12.0
2026-01-09,City Centre SIL,0.0,1.0
2026-01-09,Fairfield,7.0,11.0
2026-01-09,Jorhat,1.0,8.0
2026-01-09,Malda,0.0,0.0
2026-01-09,Mani Square,0.0,0.0
2026-01-09,Roodraksh Mall,1.0,2.0
2026-01-09,Silchar,4.0,9.0
2026-01-09,Siliguri,2.0,14.0
2026-01-09,Siliguri 2,2.0,4.0
2026-01-09,VEGA Circle Mall,0.0,0.0
2026-01-10,Agartala,3.0,14.0
2026-01-10,CC2 Rajarhat,3.0,20.0
2026-01-10,City Centre GHY,1.0,12.0
2026-01-10,City Centre SIL,0.0,9.0
2026-01-10,Fairfield,7.0,20.0
2026-01-10,Jorhat,4.0,14.0
2026-01-10,Malda,0.0,1.0
2026-01-10,Mani Square,3.0,10.0
2026-01-10,Roodraksh Mall,1.0,9.0
2026-01-10,Silchar,6.0,11.0
2026-01-10,Siliguri,4.0,24.0
2026-01-10,Siliguri 2,4.0,6.0
2026-01-11,Agartala,3.0,9.0
2026-01-11,CC2 Rajarhat,6.0,23.0
2026-01-11,City Centre GHY,0.0,15.0
2026-01-11,City Centre SIL,2.0,9.0
2026-01-11,Fairfield,11.0,30.0
2026-01-11,Jorhat,3.0,9.0
2026-01-11,Malda,0.0,5.0
2026-01-11,Mani Square,1.0,6.0
2026-01-11,Roodraksh Mall,1.0,8.0
2026-01-11,Silchar,2.0,4.0
2026-01-11,Siliguri,8.0,21.0
2026-01-11,Siliguri 2,2.0,8.0
2026-01-11,VEGA Circle Mall,0.0,2.0
2026-01-12,Agartala,1.0,6.0
2026-01-12,CC2 Rajarhat,2.0,17.0
2026-01-12,City Centre GHY,0.0,11.0
2026-01-12,City Centre SIL,0.0,2.0
2026-01-12,Fairfield,5.0,15.0
2026-01-12,Jorhat,1.0,10.0
2026-01-12,Malda,0.0,9.0
2026-01-12,Mani Square,5.0,6.0
2026-01-12,Roodraksh Mall,1.0,1.0
2026-01-12,Silchar,3.0,4.0
2026-01-12,Siliguri,0.0,13.0
2026-01-12,Siliguri 2,3.0,11.0
2026-01-12,VEGA Circle Mall,0.0,0.0
2026-01-13,Agartala,5.0,9.0
2026-01-13,CC2 Rajarhat,0.0,8.0
2026-01-13,City Centre GHY,0.0,6.0
2026-01-13,City Centre SIL,0.0,0.0
2026-01-13,Fairfield,4.0,10.0
2026-01-13,Jorhat,3.0,11.0
2026-01-13,Malda,1.0,6.0
2026-01-13,Mani Square,4.0,7.0
2026-01-13,Roodraksh Mall,1.0,3.0
2026-01-13,Silchar,4.0,8.0
2026-01-13,Siliguri,0.0,16.0
2026-01-13,Siliguri 2,1.0,7.0
2026-01-13,VEGA Circle Mall,0.0,0.0
2026-01-14,Agartala,3.0,16.0
2026-01-14,CC2 Rajarhat,0.0,10.0
2026-01-14,City Centre GHY,0.0,6.0
2026-01-14,City Centre SIL,0.0,4.0
2026-01-14,Fairfield,5.0,14.0
2026-01-14,Jorhat,0.0,3.0
2026-01-14,Malda,3.0,7.0
2026-01-14,Mani Square,2.0,8.0
2026-01-14,Roodraksh Mall,1.0,6.0
2026-01-14,Silchar,1.0,6.0
2026-01-14,Siliguri,3.0,15.0
2026-01-14,Siliguri 2,1.0,5.0
2026-01-14,VEGA Circle Mall,0.0,0.0
2026-01-15,Agartala,1.0,10.0
2026-01-15,CC2 Rajarhat,1.0,8.0
2026-01-15,City Centre GHY,0.0,18.0
2026-01-15,City Centre SIL,0.0,2.0
2026-01-15,Fairfield,6.0,14.0
2026-01-15,Jorhat,1.0,3.0
2026-01-15,Malda,0.0,3.0
2026-01-15,Mani Square,4.0,9.0
2026-01-15,Roodraksh Mall,0.0,2.0
2026-01-15,Silchar,5.0,14.0
2026-01-15,Siliguri,6.0,19.0
2026-01-15,Siliguri 2,3.0,8.0
2026-01-15,VEGA Circle Mall,0.0,0.0
2026-01-16,Agartala,3.0,19.0
2026-01-16,CC2 Rajarhat,2.0,10.0
2026-01-16,City Centre GHY,1.0,11.0
2026-01-16,City Centre SIL,0.0,3.0
2026-01-16,Fairfield,5.0,12.0
2026-01-16,Jorhat,2.0,9.0
2026-01-16,Malda,3.0,7.0
2026-01-16,Mani Square,4.0,8.0
2026-01-16,Roodraksh Mall,2.0,3.0
2026-01-16,Silchar,4.0,7.0
2026-01-16,Siliguri,1.0,20.0
2026-01-16,Siliguri 2,3.0,9.0
2026-01-16,VEGA Circle Mall,0.0,1.0
2026-01-17,Agartala,4.0,15.0
2026-01-17,CC2 Rajarhat,1.0,23.0
2026-01-17,City Centre GHY,0.0,0.0
2026-01-17,City Centre SIL,2.0,5.0
2026-01-17,Fairfield,4.0,12.0
2026-01-17,Jorhat,1.0,14.0
2026-01-17,Malda,0.0,5.0
2026-01-17,Mani Square,5.0,10.0
2026-01-17,Roodraksh Mall,2.0,2.0
2026-01-17,Silchar,2.0,8.0
2026-01-17,Siliguri,3.0,25.0
2026-01-17,Siliguri 2,1.0,8.0
2026-01-17,VEGA Circle Mall,0.0,0.0
2026-01-18,Agartala,0.0,11.0
2026-01-18,CC2 Rajarhat,1.0,33.0
2026-01-18,City Centre GHY,0.0,19.0
2026-01-18,City Centre SIL,0.0,13.0
2026-01-18,Fairfield,5.0,22.0
2026-01-18,Jorhat,2.0,8.0
2026-01-18,Malda,1.0,4.0
2026-01-18,Mani Square,7.0,17.0
2026-01-18,Roodraksh Mall,5.0,11.0
2026-01-18,Silchar,4.0,16.0
2026-01-18,Siliguri,4.0,29.0
2026-01-18,Siliguri 2,5.0,10.0
2026-01-18,VEGA Circle Mall,0.0,2.0
2026-01-19,Agartala,3.0,18.0
2026-01-19,CC2 Rajarhat,1.0,18.0
2026-01-19,City Centre GHY,0.0,23.0
2026-01-19,City Centre SIL,0.0,1.0
2026-01-19,Fairfield,6.0,19.0
2026-01-19,Jorhat,5.0,16.0
2026-01-19,Malda,1.0,10.0
2026-01-19,Mani Square,3.0,7.0
2026-01-19,Roodraksh Mall,1.0,4.0
2026-01-19,Silchar,2.0,3.0
2026-01-19,Siliguri,13.0,18.0
2026-01-19,Siliguri 2,3.0,9.0
2026-01-19,VEGA Circle Mall,0.0,1.0
2026-01-20,Agartala,3.0,17.0
2026-01-20,CC2 Rajarhat,2.0,16.0
2026-01-20,City Centre GHY,5.0,14.0
2026-01-20,City Centre SIL,0.0,6.0
2026-01-20,Fairfield,6.0,9.0
2026-01-20,Jorhat,3.0,12.0
2026-01-20,Malda,4.0,13.0
2026-01-20,Mani Square,2.0,3.0
2026-01-20,Roodraksh Mall,0.0,7.0
2026-01-20,Silchar,2.0,12.0
2026-01-20,Siliguri,12.0,17.0
2026-01-20,Siliguri 2,3.0,12.0
2026-01-20,VEGA Circle Mall,0.0,2.0
2026-01-21,Agartala,3.0,22.0
2026-01-21,CC2 Rajarhat,2.0,21.0
2026-01-21,City Centre GHY,1.0,14.0
2026-01-21,City Centre SIL,1.0,7.0
2026-01-21,Fairfield,9.0,19.0
2026-01-21,Jorhat,3.0,15.0
2026-01-21,Malda,3.0,14.0
2026-01-21,Mani Square,1.0,9.0
2026-01-21,Roodraksh Mall,0.0,7.0
2026-01-21,Silchar,8.0,20.0
2026-01-21,Siliguri,2.0,25.0
2026-01-21,Siliguri 2,6.0,13.0
2026-01-21,VEGA Circle Mall,1.0,2.0
2026-01-22,Agartala,4.0,33.0
2026-01-22,CC2 Rajarhat,1.0,26.0
2026-01-22,City Centre GHY,1.0,30.0
2026-01-22,City Centre SIL,1.0,10.0
2026-01-22,Fairfield,5.0,20.0
2026-01-22,Jorhat,9.0,23.0
2026-01-22,Malda,2.0,16.0
2026-01-22,Mani Square,5.0,16.0
2026-01-22,Roodraksh Mall,1.0,12.0
2026-01-22,Silchar,7.0,18.0
2026-01-22,Siliguri,8.0,20.0
2026-01-22,Siliguri 2,5.0,19.0
2026-01-22,VEGA Circle Mall,1.0,3.0
2026-01-23,Agartala,0.0,16.0
2026-01-23,CC2 Rajarhat,7.0,28.0
2026-01-23,City Centre GHY,4.0,19.0
2026-01-23,City Centre SIL,0.0,4.0
2026-01-23,Fairfield,8.0,31.0
2026-01-23,Jorhat,1.0,9.0
2026-01-23,Malda,2.0,12.0
2026-01-23,Mani Square,3.0,6.0
2026-01-23,Roodraksh Mall,1.0,7.0
2026-01-23,Silchar,6.0,22.0
2026-01-23,Siliguri,14.0,16.0
2026-01-23,Siliguri 2,4.0,7.0
2026-01-23,VEGA Circle Mall,0.0,1.0
2026-01-24,Agartala,8.0,11.0
2026-01-24,CC2 Rajarhat,2.0,26.0
2026-01-24,City Centre GHY,2.0,12.0
2026-01-24,City Centre SIL,3.0,4.0
2026-01-24,Fairfield,9.0,24.0
2026-01-24,Jorhat,5.0,12.0
2026-01-24,Malda,1.0,17.0
2026-01-24,Mani Square,3.0,8.0
2026-01-24,Roodraksh Mall,1.0,6.0
2026-01-24,Silchar,6.0,23.0
2026-01-24,Siliguri,4.0,24.0
2026-01-24,Siliguri 2,2.0,9.0
2026-01-24,VEGA Circle Mall,0.0,0.0
2026-01-25,Agartala,3.0,13.0
2026-01-25,CC2 Rajarhat,3.0,27.0
2026-01-25,City Centre GHY,3.0,18.0
2026-01-25,City Centre SIL,1.0,5.0
2026-01-25,Fairfield,6.0,20.0
2026-01-25,Jorhat,0.0,8.0
2026-01-25,Malda,0.0,8.0
2026-01-25,Mani Square,4.0,15.0
2026-01-25,Roodraksh Mall,2.0,9.0
2026-01-25,Silchar,2.0,10.0
2026-01-25,Siliguri,8.0,26.0
2026-01-25,Siliguri 2,2.0,9.0
2026-01-25,VEGA Circle Mall,0.0,4.0
2026-01-26,Agartala,4.0,20.0
2026-01-26,CC2 Rajarhat,4.0,23.0
2026-01-26,City Centre GHY,1.0,14.0
2026-01-26,City Centre SIL,3.0,8.0
2026-01-26,Fairfield,7.0,18.0
2026-01-26,Jorhat,0.0,8.0
2026-01-26,Malda,2.0,14.0
2026-01-26,Mani Square,5.0,14.0
2026-01-26,Roodraksh Mall,0.0,4.0
2026-01-26,Silchar,4.0,16.0
2026-01-26,Siliguri,8.0,31.0
2026-01-26,Siliguri 2,4.0,8.0
2026-01-26,VEGA Circle Mall,1.0,4.0
2026-01-27,Agartala,2.0,5.0
2026-01-27,CC2 Rajarhat,3.0,18.0
2026-01-27,City Centre GHY,2.0,14.0
2026-01-27,City Centre SIL,0.0,7.0
2026-01-27,Fairfield,7.0,16.0
2026-01-27,Jorhat,5.0,13.0
2026-01-27,Malda,0.0,3.0
2026-01-27,Mani Square,3.0,10.0
2026-01-27,Roodraksh Mall,1.0,4.0
2026-01-27,Silchar,3.0,12.0
2026-01-27,Siliguri,120.0,20.0
2026-01-27,Siliguri 2,2.0,7.0
2026-01-27,VEGA Circle Mall,0.0,2.0
2026-01-28,Agartala,2.0,13.0
2026-01-28,CC2 Rajarhat,0.0,16.0
2026-01-28,City Centre GHY,2.0,7.0
2026-01-28,City Centre SIL,0.0,4.0
2026-01-28,Fairfield,3.0,12.0
2026-01-28,Jorhat,3.0,8.0
2026-01-28,Malda,1.0,4.0
2026-01-28,Mani Square,2.0,9.0
2026-01-28,Roodraksh Mall,2.0,6.0
2026-01-28,Silchar,2.0,9.0
2026-01-28,Siliguri,74.0,15.0
2026-01-28,Siliguri 2,2.0,7.0
2026-01-28,VEGA Circle Mall,1.0,2.0
2026-01-29,Agartala,0.0,10.0
2026-01-29,CC2 Rajarhat,15.0,15.0
2026-01-29,City Centre GHY,0.0,14.0
2026-01-29,City Centre SIL,1.0,5.0
2026-01-29,Fairfield,4.0,13.0
2026-01-29,Jorhat,3.0,11.0
2026-01-29,Malda,4.0,11.0
2026-01-29,Mani Square,5.0,6.0
2026-01-29,Roodraksh Mall,1.0,5.0
2026-01-29,Silchar,1.0,6.0
2026-01-29,Siliguri,7.0,24.0
2026-01-29,Siliguri 2,2.0,4.0
2026-01-29,VEGA Circle Mall,0.0,1.0
2026-01-30,Agartala,5.0,20.0
2026-01-30,CC2 Rajarhat,5.0,16.0
2026-01-30,City Centre GHY,0.0,14.0
2026-01-30,City Centre SIL,4.0,10.0
2026-01-30,Fairfield,2.0,12.0
2026-01-30,Jorhat,1.0,15.0
2026-01-30,Malda,0.0,7.0
2026-01-30,Mani Square,4.0,17.0
2026-01-30,Roodraksh Mall,1.0,4.0
2026-01-30,Silchar,2.0,7.0
2026-01-30,Siliguri,23.0,20.0
2026-01-30,Siliguri 2,3.0,6.0
2026-01-30,VEGA Circle Mall,0.0,2.0
2026-01-31,Agartala,0.0,14.0
2026-01-31,CC2 Rajarhat,5.0,32.0
2026-01-31,City Centre GHY,2.0,18.0
2026-01-31,City Centre SIL,0.0,2.0
2026-01-31,Fairfield,5.0,33.0
2026-01-31,Jorhat,3.0,9.0
2026-01-31,Malda,1.0,9.0
2026-01-31,Mani Square,5.0,15.0
2026-01-31,Roodraksh Mall,1.0,4.0
2026-01-31,Silchar,6.0,15.0
2026-01-31,Siliguri,30.0,24.0
2026-01-31,Siliguri 2,1.0,7.0
2026-01-31,VEGA Circle Mall,0.0,3.0
2026-02-01,Agartala,4.0,16.0
2026-02-01,CC2 Rajarhat,4.0,29.0
2026-02-01,City Centre GHY,2.0,19.0
2026-02-01,City Centre SIL,1.0,10.0
2026-02-01,Dibrugarh,0.0,17.0
2026-02-01,Fairfield,4.0,41.0
2026-02-01,Jorhat,1.0,6.0
2026-02-01,Malda,0.0,6.0
2026-02-01,Mani Square,3.0,18.0
2026-02-01,Roodraksh Mall,1.0,7.0
2026-02-01,Silchar,6.0,14.0
2026-02-01,Siliguri,1.0,32.0
2026-02-01,Siliguri 2,1.0,8.0
2026-02-01,VEGA Circle Mall,0.0,0.0
2026-02-02,Agartala,3.0,21.0
2026-02-02,CC2 Rajarhat,2.0,15.0
2026-02-02,City Centre GHY,1.0,16.0
2026-02-02,City Centre SIL,0.0,6.0
2026-02-02,Dibrugarh,4.0,14.0
2026-02-02,Fairfield,8.0,23.0
2026-02-02,Jorhat,2.0,12.0
2026-02-02,Malda,1.0,8.0
2026-02-02,Mani Square,4.0,13.0
2026-02-02,Roodraksh Mall,1.0,4.0
2026-02-02,Silchar,7.0,17.0
2026-02-02,Siliguri,4.0,22.0
2026-02-02,Siliguri 2,1.0,15.0
2026-02-02,VEGA Circle Mall,0.0,3.0
2026-02-03,Agartala,9.0,26.0
2026-02-03,CC2 Rajarhat,1.0,23.0
2026-02-03,City Centre GHY,0.0,11.0
2026-02-03,City Centre SIL,0.0,9.0
2026-02-03,Dibrugarh,2.0,12.0
2026-02-03,Fairfield,5.0,22.0
2026-02-03,Jorhat,5.0,13.0
2026-02-03,Malda,0.0,11.0
2026-02-03,Mani Square,2.0,12.0
2026-02-03,Roodraksh Mall,1.0,9.0
2026-02-03,Silchar,6.0,20.0
2026-02-03,Siliguri,4.0,12.0
2026-02-03,Siliguri 2,1.0,15.0
2026-02-03,VEGA Circle Mall,0.0,3.0
2026-02-04,Agartala,3.0,20.0
2026-02-04,CC2 Rajarhat,1.0,21.0
2026-02-04,City Centre GHY,1.0,7.0
2026-02-04,City Centre SIL,1.0,8.0
2026-02-04,Dibrugarh,5.0,8.0
2026-02-04,Fairfield,4.0,23.0
2026-02-04,Jorhat,1.0,13.0
2026-02-04,Malda,1.0,15.0
2026-02-04,Mani Square,3.0,14.0
2026-02-04,Roodraksh Mall,1.0,4.0
2026-02-04,Silchar,4.0,19.0
2026-02-04,Siliguri,0.0,20.0
2026-02-04,Siliguri 2,8.0,13.0
2026-02-04,VEGA Circle Mall,0.0,1.0
2026-02-05,Agartala,4.0,28.0
2026-02-05,CC2 Rajarhat,3.0,24.0
2026-02-05,City Centre GHY,3.0,12.0
2026-02-05,City Centre SIL,0.0,5.0
2026-02-05,Dibrugarh,1.0,4.0
2026-02-05,Fairfield,1.0,27.0
2026-02-05,Jorhat,2.0,6.0
2026-02-05,Malda,0.0,8.0
2026-02-05,Mani Square,2.0,7.0
2026-02-05,Roodraksh Mall,1.0,1.0
2026-02-05,Silchar,6.0,10.0
2026-02-05,Siliguri,0.0,14.0
2026-02-05,Siliguri 2,6.0,13.0
2026-02-05,VEGA Circle Mall,0.0,3.0
2026-02-06,Agartala,2.0,20.0
2026-02-06,CC2 Rajarhat,2.0,25.0
2026-02-06,City Centre GHY,1.0,10.0
2026-02-06,City Centre SIL,0.0,3.0
2026-02-06,Dibrugarh,2.0,8.0
2026-02-06,Fairfield,10.0,28.0
2026-02-06,Jorhat,0.0,3.0
2026-02-06,Malda,1.0,14.0
2026-02-06,Mani Square,2.0,8.0
2026-02-06,Roodraksh Mall,0.0,8.0
2026-02-06,Silchar,4.0,16.0
2026-02-06,Siliguri,1.0,13.0
2026-02-06,Siliguri 2,1.0,14.0
2026-02-06,VEGA Circle Mall,1.0,2.0
2026-02-07,Agartala,1.0,9.0
2026-02-07,CC2 Rajarhat,3.0,18.0
2026-02-07,City Centre SIL,0.0,
2026-02-07,Dibrugarh,3.0,14.0
2026-02-07,Fairfield,3.0,19.0
2026-02-07,Jorhat,0.0,16.0
2026-02-07,Malda,2.0,7.0
2026-02-07,Mani Square,3.0,
2026-02-07,Roodraksh Mall,0.0,
2026-02-07,Siliguri,0.0,13.0
2026-02-07,Siliguri 2,1.0,8.0
2026-02-07,VEGA Circle Mall,2.0,3.0
2026-02-08,Agartala,1.0,12.0
2026-02-08,CC2 Rajarhat,2.0,20.0
2026-02-08,City Centre GHY,3.0,16.0
2026-02-08,City Centre SIL,1.0,5.0
2026-02-08,Dibrugarh,1.0,13.0
2026-02-08,Fairfield,10.0,28.0
2026-02-08,Jorhat,2.0,6.0
2026-02-08,Malda,1.0,3.0
2026-02-08,Mani Square,2.0,10.0
2026-02-08,Roodraksh Mall,1.0,10.0
2026-02-08,Silchar,5.0,6.0
2026-02-08,Siliguri,0.0,13.0
2026-02-08,Siliguri 2,1.0,9.0
2026-02-08,VEGA Circle Mall,1.0,2.0
2026-02-09,Agartala,3.0,16.0
2026-02-09,CC2 Rajarhat,2.0,19.0
2026-02-09,City Centre GHY,1.0,11.0
2026-02-09,City Centre SIL,1.0,6.0
2026-02-09,Dibrugarh,1.0,16.0
2026-02-09,Fairfield,5.0,17.0
2026-02-09,Jorhat,2.0,10.0
2026-02-09,Malda,1.0,3.0
2026-02-09,Mani Square,2.0,8.0
2026-02-09,Roodraksh Mall,0.0,4.0
2026-02-09,Silchar,3.0,11.0
2026-02-09,Siliguri,0.0,10.0
2026-02-09,Siliguri 2,1.0,7.0
2026-02-09,VEGA Circle Mall,1.0,2.0
2026-02-10,Agartala,0.0,
2026-02-10,CC2 Rajarhat,0.0,13.0
2026-02-10,City Centre SIL,1.0,6.0
2026-02-10,Dibrugarh,3.0,11.0
2026-02-10,Fairfield,7.0,17.0
2026-02-10,Jorhat,1.0,13.0
2026-02-10,Malda,2.0,8.0
2026-02-10,Mani Square,3.0,4.0
2026-02-10,Roodraksh Mall,0.0,2.0
2026-02-10,Silchar,4.0,7.0
2026-02-10,Siliguri,0.0,17.0
2026-02-10,Siliguri 2,3.0,14.0
2026-02-11,Agartala,3.0,22.0
2026-02-11,CC2 Rajarhat,2.0,13.0
2026-02-11,City Centre GHY,1.0,12.0
2026-02-11,City Centre SIL,0.0,3.0
2026-02-11,Dibrugarh,0.0,14.0
2026-02-11,Fairfield,1.0,14.0
2026-02-11,Jorhat,2.0,7.0
2026-02-11,Malda,0.0,4.0
2026-02-11,Mani Square,3.0,5.0
2026-02-11,Roodraksh Mall,2.0,6.0
2026-02-11,Silchar,7.0,11.0
2026-02-11,Siliguri,0.0,11.0
2026-02-11,Siliguri 2,4.0,7.0
2026-02-11,VEGA Circle Mall,0.0,0.0
2026-02-12,Agartala,2.0,4.0
2026-02-12,CC2 Rajarhat,1.0,18.0
2026-02-12,City Centre GHY,3.0,12.0
2026-02-12,City Centre SIL,1.0,11.0
2026-02-12,Dibrugarh,0.0,8.0
2026-02-12,Fairfield,1.0,13.0
2026-02-12,Jorhat,3.0,9.0
2026-02-12,Malda,3.0,8.0
2026-02-12,Mani Square,2.0,10.0
2026-02-12,Roodraksh Mall,0.0,1.0
2026-02-12,Silchar,2.0,12.0
2026-02-12,Siliguri,1.0,12.0
2026-02-12,Siliguri 2,2.0,6.0
2026-02-12,VEGA Circle Mall,0.0,1.0
2026-02-13,Agartala,3.0,15.0
2026-02-13,CC2 Rajarhat,1.0,11.0
2026-02-13,City Centre GHY,0.0,10.0
2026-02-13,City Centre SIL,0.0,5.0
2026-02-13,Dibrugarh,0.0,9.0
2026-02-13,Fairfield,4.0,15.0
2026-02-13,Jorhat,3.0,8.0
2026-02-13,Malda,2.0,17.0
2026-02-13,Mani Square,1.0,8.0
2026-02-13,Roodraksh Mall,1.0,5.0
2026-02-13,Silchar,5.0,13.0
2026-02-13,Siliguri,0.0,9.0
2026-02-13,Siliguri 2,0.0,6.0
2026-02-13,VEGA Circle Mall,0.0,2.0
2026-02-14,Agartala,4.0,8.0
2026-02-14,CC2 Rajarhat,2.0,19.0
2026-02-14,City Centre GHY,1.0,3.0
2026-02-14,City Centre SIL,1.0,7.0
2026-02-14,Dibrugarh,4.0,13.0
2026-02-14,Fairfield,3.0,24.0
2026-02-14,Jorhat,9.0,19.0
2026-02-14,Malda,1.0,5.0
2026-02-14,Mani Square,4.0,10.0
2026-02-14,Roodraksh Mall,1.0,5.0
2026-02-14,Silchar,4.0,13.0
2026-02-14,Siliguri,0.0,20.0
2026-02-14,Siliguri 2,0.0,4.0
2026-02-14,VEGA Circle Mall,0.0,1.0
2026-02-15,Agartala,3.0,7.0
2026-02-15,CC2 Rajarhat,0.0,15.0
2026-02-15,City Centre GHY,0.0,8.0
2026-02-15,City Centre SIL,2.0,6.0
2026-02-15,Dibrugarh,3.0,12.0
2026-02-15,Fairfield,9.0,28.0
2026-02-15,Jorhat,0.0,8.0
2026-02-15,Malda,1.0,7.0
2026-02-15,Mani Square,2.0,10.0
2026-02-15,Roodraksh Mall,1.0,3.0
2026-02-15,Silchar,3.0,8.0
2026-02-15,Siliguri,0.0,18.0
2026-02-15,Siliguri 2,1.0,9.0
2026-02-15,VEGA Circle Mall,0.0,3.0
2026-02-16,Agartala,1.0,6.0
2026-02-16,CC2 Rajarhat,3.0,10.0
2026-02-16,City Centre SIL,0.0,
2026-02-16,Dibrugarh,4.0,16.0
2026-02-16,Fairfield,2.0,9.0
2026-02-16,Jorhat,5.0,9.0
2026-02-16,Malda,0.0,5.0
2026-02-16,Mani Square,1.0,5.0
2026-02-16,Roodraksh Mall,1.0,5.0
2026-02-16,Silchar,1.0,2.0
2026-02-16,Siliguri,0.0,18.0
2026-02-16,Siliguri 2,0.0,5.0
2026-02-16,VEGA Circle Mall,0.0,
2026-02-17,Agartala,1.0,9.0
2026-02-17,CC2 Rajarhat,3.0,15.0
2026-02-17,City Centre GHY,0.0,3.0
2026-02-17,City Centre SIL,0.0,4.0
2026-02-17,Dibrugarh,1.0,14.0
2026-02-17,Fairfield,2.0,10.0
2026-02-17,Jorhat,2.0,16.0
2026-02-17,Malda,0.0,10.0
2026-02-17,Mani Square,1.0,5.0
2026-02-17,Roodraksh Mall,2.0,5.0
2026-02-17,Silchar,3.0,10.0
2026-02-17,Siliguri,0.0,14.0
2026-02-17,Siliguri 2,2.0,6.0
2026-02-17,VEGA Circle Mall,0.0,0.0
2026-02-18,Agartala,0.0,7.0
2026-02-18,CC2 Rajarhat,2.0,20.0
2026-02-18,City Centre GHY,1.0,15.0
2026-02-18,City Centre SIL,0.0,5.0
2026-02-18,Dibrugarh,5.0,10.0
2026-02-18,Fairfield,8.0,23.0
2026-02-18,Jorhat,1.0,16.0
2026-02-18,Malda,0.0,3.0
2026-02-18,Mani Square,2.0,6.0
2026-02-18,Roodraksh Mall,0.0,4.0
2026-02-18,Silchar,6.0,11.0
2026-02-18,Siliguri,2.0,14.0
2026-02-18,Siliguri 2,3.0,6.0
2026-02-18,VEGA Circle Mall,1.0,2.0
2026-02-19,Agartala,3.0,8.0
2026-02-19,CC2 Rajarhat,4.0,18.0
2026-02-19,City Centre GHY,2.0,8.0
2026-02-19,City Centre SIL,2.0,6.0
2026-02-19,Dibrugarh,4.0,9.0
2026-02-19,Fairfield,3.0,14.0
2026-02-19,Jorhat,3.0,10.0
2026-02-19,Malda,1.0,10.0
2026-02-19,Mani Square,2.0,8.0
2026-02-19,Roodraksh Mall,0.0,6.0
2026-02-19,Silchar,2.0,4.0
2026-02-19,Siliguri,2.0,18.0
2026-02-19,Siliguri 2,2.0,11.0
2026-02-19,VEGA Circle Mall,2.0,2.0
2026-02-20,Agartala,1.0,7.0
2026-02-20,CC2 Rajarhat,3.0,15.0
2026-02-20,City Centre GHY,1.0,8.0
2026-02-20,City Centre SIL,0.0,2.0
2026-02-20,Dibrugarh,1.0,2.0
2026-02-20,Fairfield,5.0,12.0
2026-02-20,Jorhat,1.0,8.0
2026-02-20,Malda,0.0,5.0
2026-02-20,Mani Square,4.0,4.0
2026-02-20,Roodraksh Mall,0.0,8.0
2026-02-20,Silchar,5.0,9.0
2026-02-20,Siliguri,0.0,19.0
2026-02-20,Siliguri 2,1.0,5.0
2026-02-20,VEGA Circle Mall,0.0,2.0
2026-02-21,Agartala,1.0,8.0
2026-02-21,CC2 Rajarhat,4.0,21.0
2026-02-21,City Centre GHY,1.0,13.0
2026-02-21,City Centre SIL,1.0,7.0
2026-02-21,Dibrugarh,3.0,9.0
2026-02-21,Fairfield,4.0,10.0
2026-02-21,Jorhat,9.0,15.0
2026-02-21,Malda,1.0,6.0
2026-02-21,Mani Square,4.0,9.0
2026-02-21,Roodraksh Mall,2.0,4.0
2026-02-21,Silchar,2.0,9.0
2026-02-21,Siliguri,0.0,8.0
2026-02-21,Siliguri 2,1.0,4.0
2026-02-21,VEGA Circle Mall,1.0,0.0
2026-02-22,Agartala,0.0,13.0
2026-02-22,CC2 Rajarhat,1.0,22.0
2026-02-22,City Centre GHY,1.0,15.0
2026-02-22,City Centre SIL,0.0,7.0
2026-02-22,Dibrugarh,5.0,9.0
2026-02-22,Fairfield,4.0,16.0
2026-02-22,Jorhat,2.0,5.0
2026-02-22,Malda,2.0,4.0
2026-02-22,Mani Square,2.0,7.0
2026-02-22,Roodraksh Mall,0.0,2.0
2026-02-22,Silchar,5.0,6.0
2026-02-22,Siliguri,5.0,25.0
2026-02-22,Siliguri 2,0.0,6.0
2026-02-22,VEGA Circle Mall,1.0,3.0
2026-02-23,Agartala,2.0,14.0
2026-02-23,CC2 Rajarhat,4.0,17.0
2026-02-23,City Centre GHY,1.0,5.0
2026-02-23,City Centre SIL,1.0,2.0
2026-02-23,Dibrugarh,1.0,9.0
2026-02-23,Fairfield,2.0,15.0
2026-02-23,Jorhat,2.0,10.0
2026-02-23,Malda,0.0,3.0
2026-02-23,Mani Square,3.0,11.0
2026-02-23,Roodraksh Mall,0.0,7.0
2026-02-23,Silchar,1.0,7.0
2026-02-23,Siliguri,5.0,16.0
2026-02-23,Siliguri 2,0.0,5.0
2026-02-23,VEGA Circle Mall,0.0,1.0
2026-02-24,Agartala,2.0,17.0
2026-02-24,CC2 Rajarhat,0.0,19.0
2026-02-24,City Centre GHY,3.0,12.0
2026-02-24,City Centre SIL,0.0,4.0
2026-02-24,Dibrugarh,2.0,8.0
2026-02-24,Fairfield,4.0,11.0
2026-02-24,Jorhat,2.0,7.0
2026-02-24,Malda,1.0,3.0
2026-02-24,Mani Square,3.0,8.0
2026-02-24,Roodraksh Mall,4.0,5.0
2026-02-24,Silchar,5.0,15.0
2026-02-24,Siliguri,0.0,18.0
2026-02-24,Siliguri 2,2.0,2.0
2026-02-24,VEGA Circle Mall,2.0,3.0
2026-02-25,Agartala,3.0,12.0
2026-02-25,CC2 Rajarhat,2.0,15.0
2026-02-25,City Centre GHY,1.0,9.0
2026-02-25,City Centre SIL,0.0,5.0
2026-02-25,Dibrugarh,2.0,15.0
2026-02-25,Fairfield,5.0,19.0
2026-02-25,Jorhat,0.0,8.0
2026-02-25,Malda,1.0,11.0
2026-02-25,Mani Square,1.0,14.0
2026-02-25,Roodraksh Mall,0.0,5.0
2026-02-25,Silchar,1.0,9.0
2026-02-25,Siliguri,1.0,16.0
2026-02-25,Siliguri 2,2.0,7.0
2026-02-25,VEGA Circle Mall,0.0,1.0
2026-02-26,Agartala,2.0,13.0
2026-02-26,CC2 Rajarhat,4.0,11.0
2026-02-26,City Centre GHY,1.0,5.0
2026-02-26,City Centre SIL,0.0,4.0
2026-02-26,Dibrugarh,0.0,9.0
2026-02-26,Fairfield,2.0,10.0
2026-02-26,Jorhat,1.0,9.0
2026-02-26,Malda,0.0,13.0
2026-02-26,Mani Square,6.0,7.0
2026-02-26,Roodraksh Mall,1.0,4.0
2026-02-26,Silchar,4.0,12.0
2026-02-26,Siliguri,4.0,13.0
2026-02-26,Siliguri 2,2.0,
2026-02-26,VEGA Circle Mall,2.0,2.0
2026-02-27,Agartala,1.0,7.0
2026-02-27,CC2 Rajarhat,2.0,13.0
2026-02-27,City Centre GHY,0.0,8.0
2026-02-27,City Centre SIL,0.0,2.0
2026-02-27,Dibrugarh,1.0,9.0
2026-02-27,Fairfield,2.0,19.0
2026-02-27,Jorhat,2.0,13.0
2026-02-27,Malda,1.0,9.0
2026-02-27,Mani Square,3.0,6.0
2026-02-27,Roodraksh Mall,0.0,5.0
2026-02-27,Silchar,5.0,19.0
2026-02-27,Siliguri,7.0,13.0
2026-02-27,Siliguri 2,5.0,7.0
2026-02-27,VEGA Circle Mall,0.0,1.0
2026-02-28,Agartala,7.0,22.0
2026-02-28,CC2 Rajarhat,4.0,26.0
2026-02-28,City Centre GHY,4.0,20.0
2026-02-28,City Centre SIL,2.0,7.0
2026-02-28,Dibrugarh,4.0,15.0
2026-02-28,Fairfield,5.0,16.0
2026-02-28,Jorhat,3.0,15.0
2026-02-28,Malda,3.0,20.0
2026-02-28,Mani Square,11.0,7.0
2026-02-28,Roodraksh Mall,2.0,5.0
2026-02-28,Silchar,4.0,12.0
2026-02-28,Siliguri,10.0,19.0
2026-02-28,Siliguri 2,3.0,14.0
2026-02-28,VEGA Circle Mall,1.0,3.0
2026-03-01,Agartala,0.0,14.0
2026-03-01,CC2 Rajarhat,10.0,28.0
2026-03-01,City Centre GHY,0.0,11.0
2026-03-01,City Centre SIL,0.0,7.0
2026-03-01,Dibrugarh,4.0,15.0
2026-03-01,Fairfield,5.0,21.0
2026-03-01,Jorhat,2.0,7.0
2026-03-01,Malda,3.0,7.0
2026-03-01,Mani Square,6.0,10.0
2026-03-01,Roodraksh Mall,1.0,5.0
2026-03-01,Silchar,6.0,12.0
2026-03-01,Siliguri,2.0,22.0
2026-03-01,Siliguri 2,2.0,14.0
2026-03-01,VEGA Circle Mall,0.0,0.0
2026-03-02,Mani Square,2.0,5.0
2026-03-02,Siliguri,0.0,14.0
2026-03-03,Agartala,2.0,22.0
2026-03-03,CC2 Rajarhat,2.0,4.0
2026-03-03,City Centre GHY,0.0,15.0
2026-03-03,City Centre SIL,1.0,3.0
2026-03-03,Dibrugarh,6.0,7.0
2026-03-03,Fairfield,5.0,13.0
2026-03-03,Jorhat,1.0,11.0
2026-03-03,Malda,1.0,12.0
2026-03-03,Mani Square,2.0,9.0
2026-03-03,Roodraksh Mall,1.0,6.0
2026-03-03,Silchar,4.0,19.0
2026-03-03,Siliguri,1.0,10.0
2026-03-03,Siliguri 2,2.0,5.0
2026-03-03,VEGA Circle Mall,0.0,0.0
2026-03-04,Agartala,0.0,10.0
2026-03-04,CC2 Rajarhat,4.0,21.0
2026-03-04,City Centre GHY,0.0,8.0
2026-03-04,City Centre SIL,0.0,0.0
2026-03-04,Dibrugarh,1.0,1.0
2026-03-04,Fairfield,2.0,10.0
2026-03-04,Jorhat,1.0,3.0
2026-03-04,Malda,0.0,2.0
2026-03-04,Mani Square,1.0,4.0
2026-03-04,Roodraksh Mall,0.0,0.0
2026-03-04,Silchar,1.0,1.0
2026-03-04,Siliguri,1.0,9.0
2026-03-04,Siliguri 2,0.0,1.0
2026-03-04,VEGA Circle Mall,1.0,0.0
2026-03-05,Agartala,1.0,13.0
2026-03-05,CC2 Rajarhat,0.0,18.0
2026-03-05,City Centre GHY,0.0,11.0
2026-03-05,City Centre SIL,0.0,2.0
2026-03-05,Dibrugarh,5.0,14.0
2026-03-05,Fairfield,1.0,21.0
2026-03-05,Jorhat,3.0,16.0
2026-03-05,Malda,1.0,13.0
2026-03-05,Mani Square,4.0,7.0
2026-03-05,Roodraksh Mall,0.0,5.0
2026-03-05,Silchar,3.0,8.0
2026-03-05,Siliguri,4.0,15.0
2026-03-05,Siliguri 2,5.0,16.0
2026-03-05,VEGA Circle Mall,0.0,0.0
2026-03-06,Agartala,1.0,14.0
2026-03-06,CC2 Rajarhat,1.0,23.0
2026-03-06,City Centre GHY,1.0,10.0
2026-03-06,City Centre SIL,0.0,2.0
2026-03-06,Dibrugarh,2.0,8.0
2026-03-06,Fairfield,1.0,17.0
2026-03-06,Jorhat,3.0,19.0
2026-03-06,Malda,2.0,24.0
2026-03-06,Mani Square,2.0,6.0
2026-03-06,Roodraksh Mall,2.0,5.0
2026-03-06,Silchar,2.0,23.0
2026-03-06,Siliguri,3.0,33.0
2026-03-06,Siliguri 2,2.0,14.0
2026-03-06,VEGA Circle Mall,0.0,0.0
2026-03-07,Agartala,5.0,29.0
2026-03-07,CC2 Rajarhat,12.0,35.0
2026-03-07,City Centre GHY,3.0,16.0
2026-03-07,City Centre SIL,1.0,3.0
2026-03-07,Dibrugarh,2.0,22.0
2026-03-07,Fairfield,5.0,25.0
2026-03-07,Jorhat,4.0,20.0
2026-03-07,Malda,5.0,27.0
2026-03-07,Mani Square,7.0,15.0
2026-03-07,Roodraksh Mall,2.0,10.0
2026-03-07,Silchar,3.0,26.0
2026-03-07,Siliguri,4.0,32.0
2026-03-07,Siliguri 2,1.0,9.0
2026-03-07,VEGA Circle Mall,2.0,3.0
2026-03-08,Agartala,3.0,23.0
2026-03-08,CC2 Rajarhat,3.0,22.0
2026-03-08,City Centre GHY,0.0,24.0
2026-03-08,City Centre SIL,2.0,17.0
2026-03-08,Dibrugarh,3.0,9.0
2026-03-08,Fairfield,8.0,15.0
2026-03-08,Jorhat,3.0,12.0
2026-03-08,Malda,2.0,19.0
2026-03-08,Mani Square,2.0,5.0
2026-03-08,Roodraksh Mall,3.0,8.0
2026-03-08,Silchar,6.0,21.0
2026-03-08,Siliguri,2.0,22.0
2026-03-08,Siliguri 2,4.0,13.0
2026-03-08,VEGA Circle Mall,1.0,4.0
2026-03-09,Agartala,4.0,16.0
2026-03-09,CC2 Rajarhat,3.0,20.0
2026-03-09,City Centre GHY,0.0,10.0
2026-03-09,City Centre SIL,0.0,15.0
2026-03-09,Dibrugarh,3.0,14.0
2026-03-09,Fairfield,3.0,15.0
2026-03-09,Jorhat,3.0,11.0
2026-03-09,Malda,4.0,16.0
2026-03-09,Mani Square,0.0,11.0
2026-03-09,Roodraksh Mall,1.0,5.0
2026-03-09,Silchar,5.0,27.0
2026-03-09,Siliguri,1.0,25.0
2026-03-09,Siliguri 2,1.0,3.0
2026-03-09,VEGA Circle Mall,1.0,2.0
2026-03-10,Agartala,0.0,7.0
2026-03-10,CC2 Rajarhat,2.0,8.0
2026-03-10,City Centre GHY,2.0,12.0
2026-03-10,City Centre SIL,1.0,3.0
2026-03-10,Dibrugarh,3.0,17.0
2026-03-10,Fairfield,7.0,8.0
2026-03-10,Jorhat,0.0,8.0
2026-03-10,Malda,3.0,12.0
2026-03-10,Mani Square,1.0,10.0
2026-03-10,Roodraksh Mall,0.0,5.0
2026-03-10,Silchar,2.0,8.0
2026-03-10,Siliguri,2.0,10.0
2026-03-10,Siliguri 2,1.0,7.0
2026-03-10,VEGA Circle Mall,1.0,5.0
2026-03-11,Agartala,1.0,8.0
2026-03-11,CC2 Rajarhat,0.0,11.0
2026-03-11,City Centre GHY,2.0,10.0
2026-03-11,City Centre SIL,3.0,8.0
2026-03-11,Dibrugarh,4.0,12.0
2026-03-11,Fairfield,8.0,15.0
2026-03-11,Jorhat,3.0,13.0
2026-03-11,Malda,0.0,13.0
2026-03-11,Mani Square,1.0,9.0
2026-03-11,Roodraksh Mall,0.0,2.0
2026-03-11,Silchar,6.0,17.0
2026-03-11,Siliguri,3.0,13.0
2026-03-11,Siliguri 2,3.0,6.0
2026-03-11,VEGA Circle Mall,0.0,0.0
2026-03-12,Agartala,0.0,6.0
2026-03-12,CC2 Rajarhat,0.0,16.0
2026-03-12,City Centre GHY,1.0,13.0
2026-03-12,City Centre SIL,0.0,7.0
2026-03-12,Dibrugarh,4.0,8.0
2026-03-12,Fairfield,4.0,7.0
2026-03-12,Jorhat,3.0,15.0
2026-03-12,Malda,3.0,13.0
2026-03-12,Mani Square,4.0,6.0
2026-03-12,Roodraksh Mall,0.0,2.0
2026-03-12,Silchar,3.0,13.0
2026-03-12,Siliguri,0.0,13.0
2026-03-12,Siliguri 2,3.0,7.0
2026-03-12,VEGA Circle Mall,0.0,1.0
2026-03-13,Agartala,1.0,6.0
2026-03-13,CC2 Rajarhat,2.0,10.0
2026-03-13,City Centre GHY,0.0,15.0
2026-03-13,City Centre SIL,0.0,9.0
2026-03-13,Dibrugarh,3.0,17.0
2026-03-13,Fairfield,3.0,7.0
2026-03-13,Jorhat,1.0,7.0
2026-03-13,Malda,2.0,11.0
2026-03-13,Mani Square,3.0,8.0
2026-03-13,Roodraksh Mall,1.0,2.0
2026-03-13,Silchar,9.0,19.0
2026-03-13,Siliguri,0.0,6.0
2026-03-13,Siliguri 2,1.0,4.0
2026-03-13,VEGA Circle Mall,0.0,0.0
2026-03-14,Agartala,0.0,8.0
2026-03-14,CC2 Rajarhat,6.0,24.0
2026-03-14,City Centre GHY,6.0,15.0
2026-03-14,City Centre SIL,0.0,11.0
2026-03-14,Dibrugarh,6.0,18.0
2026-03-14,Fairfield,6.0,15.0
2026-03-14,Jorhat,0.0,8.0
2026-03-14,Malda,4.0,16.0
2026-03-14,Mani Square,1.0,6.0
2026-03-14,Roodraksh Mall,2.0,7.0
2026-03-14,Silchar,11.0,16.0
2026-03-14,Siliguri,0.0,11.0
2026-03-14,Siliguri 2,5.0,14.0
2026-03-15,Agartala,2.0,8.0
2026-03-15,CC2 Rajarhat,10.0,39.0
2026-03-15,City Centre GHY,2.0,30.0
2026-03-15,Dibrugarh,2.0,18.0
2026-03-15,Fairfield,8.0,24.0
2026-03-15,Jorhat,1.0,11.0
2026-03-15,Malda,4.0,13.0
2026-03-15,Mani Square,5.0,14.0
2026-03-15,Roodraksh Mall,0.0,6.0
2026-03-15,Silchar,5.0,13.0
2026-03-15,Siliguri,0.0,14.0
2026-03-15,Siliguri 2,2.0,7.0
2026-03-16,Agartala,1.0,11.0
2026-03-16,CC2 Rajarhat,4.0,18.0
2026-03-16,City Centre GHY,1.0,28.0
2026-03-16,Dibrugarh,3.0,6.0
2026-03-16,Fairfield,6.0,9.0
2026-03-16,Jorhat,3.0,15.0
2026-03-16,Malda,1.0,18.0
2026-03-16,Mani Square,3.0,4.0
2026-03-16,Roodraksh Mall,0.0,8.0
2026-03-16,Silchar,6.0,12.0
2026-03-16,Siliguri,1.0,11.0
2026-03-16,Siliguri 2,1.0,5.0
2026-03-17,Agartala,0.0,7.0
2026-03-17,CC2 Rajarhat,1.0,26.0
2026-03-17,City Centre GHY,1.0,21.0
2026-03-17,City Centre SIL,0.0,8.0
2026-03-17,Dibrugarh,6.0,13.0
2026-03-17,Fairfield,8.0,15.0
2026-03-17,Jorhat,2.0,18.0
2026-03-17,Malda,4.0,32.0
2026-03-17,Mani Square,1.0,6.0
2026-03-17,Roodraksh Mall,0.0,9.0
2026-03-17,Silchar,12.0,38.0
2026-03-17,Siliguri,1.0,19.0
2026-03-17,Siliguri 2,5.0,11.0
2026-03-17,VEGA Circle Mall,0.0,1.0
2026-03-18,Agartala,2.0,6.0
2026-03-18,CC2 Rajarhat,5.0,24.0
2026-03-18,City Centre GHY,5.0,33.0
2026-03-18,City Centre SIL,0.0,2.0
2026-03-18,Dibrugarh,3.0,14.0
2026-03-18,Fairfield,1.0,14.0
2026-03-18,Jorhat,2.0,12.0
2026-03-18,Malda,5.0,29.0
2026-03-18,Mani Square,5.0,11.0
2026-03-18,Roodraksh Mall,0.0,10.0
2026-03-18,Silchar,17.0,54.0
2026-03-18,Siliguri,1.0,13.0
2026-03-18,Siliguri 2,3.0,12.0
2026-03-18,VEGA Circle Mall,0.0,0.0
2026-03-19,Agartala,2.0,9.0
2026-03-19,CC2 Rajarhat,10.0,43.0
2026-03-19,City Centre GHY,1.0,31.0
2026-03-19,City Centre SIL,0.0,10.0
2026-03-19,Dibrugarh,3.0,9.0
2026-03-19,Fairfield,3.0,19.0
2026-03-19,Jorhat,7.0,23.0
2026-03-19,Malda,0.0,16.0
2026-03-19,Mani Square,2.0,7.0
2026-03-19,Roodraksh Mall,1.0,13.0
2026-03-19,Silchar,13.0,30.0
2026-03-19,Siliguri,0.0,8.0
2026-03-19,Siliguri 2,3.0,8.0
2026-03-19,VEGA Circle Mall,0.0,2.0
2026-03-20,Agartala,4.0,5.0
2026-03-20,CC2 Rajarhat,13.0,2.0
2026-03-20,City Centre GHY,5.0,8.0
2026-03-20,City Centre SIL,0.0,4.0
2026-03-20,Dibrugarh,5.0,6.0
2026-03-20,Fairfield,4.0,6.0
2026-03-20,Jorhat,6.0,14.0
2026-03-20,Malda,1.0,10.0
2026-03-20,Mani Square,5.0,4.0
2026-03-20,Roodraksh Mall,2.0,16.0
2026-03-20,Silchar,28.0,17.0
2026-03-20,Siliguri,2.0,13.0
2026-03-20,Siliguri 2,2.0,22.0
2026-03-20,VEGA Circle Mall,0.0,5.0
2026-03-21,Agartala,0.0,4.0
2026-03-21,CC2 Rajarhat,6.0,11.0
2026-03-21,City Centre GHY,1.0,11.0
2026-03-21,City Centre SIL,0.0,
2026-03-21,Dibrugarh,2.0,7.0
2026-03-21,Fairfield,3.0,6.0
2026-03-21,Jorhat,2.0,9.0
2026-03-21,Malda,0.0,1.0
2026-03-21,Mani Square,4.0,5.0
2026-03-21,Roodraksh Mall,0.0,4.0
2026-03-21,Silchar,4.0,6.0
2026-03-21,Siliguri,4.0,10.0
2026-03-21,Siliguri 2,0.0,5.0
2026-03-21,VEGA Circle Mall,1.0,1.0
2026-03-22,Agartala,0.0,8.0
2026-03-22,CC2 Rajarhat,12.0,21.0
2026-03-22,City Centre GHY,1.0,7.0
2026-03-22,City Centre SIL,3.0,6.0
2026-03-22,Dibrugarh,3.0,8.0
2026-03-22,Fairfield,5.0,10.0
2026-03-22,Jorhat,0.0,3.0
2026-03-22,Malda,0.0,4.0
2026-03-22,Mani Square,8.0,7.0
2026-03-22,Roodraksh Mall,0.0,3.0
2026-03-22,Silchar,5.0,8.0
2026-03-22,Siliguri,2.0,12.0
2026-03-22,Siliguri 2,5.0,11.0
2026-03-22,VEGA Circle Mall,0.0,2.0
2026-03-23,Agartala,1.0,5.0
2026-03-23,CC2 Rajarhat,2.0,7.0
2026-03-23,City Centre GHY,0.0,6.0
2026-03-23,City Centre SIL,0.0,2.0
2026-03-23,Dibrugarh,2.0,9.0
2026-03-23,Fairfield,3.0,3.0
2026-03-23,Jorhat,6.0,5.0
2026-03-23,Malda,0.0,5.0
2026-03-23,Mani Square,1.0,4.0
2026-03-23,Roodraksh Mall,0.0,1.0
2026-03-23,Silchar,5.0,13.0
2026-03-23,Siliguri,0.0,12.0
2026-03-23,Siliguri 2,0.0,3.0
2026-03-23,VEGA Circle Mall,1.0,1.0
2026-03-24,Agartala,0.0,3.0
2026-03-24,CC2 Rajarhat,2.0,5.0
2026-03-24,City Centre GHY,0.0,5.0
2026-03-24,City Centre SIL,3.0,7.0
2026-03-24,Dibrugarh,2.0,4.0
2026-03-24,Fairfield,3.0,6.0
2026-03-24,Jorhat,0.0,2.0
2026-03-24,Malda,0.0,4.0
2026-03-24,Mani Square,3.0,5.0
2026-03-24,Roodraksh Mall,0.0,2.0
2026-03-24,Silchar,4.0,10.0
2026-03-24,Siliguri,2.0,6.0
2026-03-24,Siliguri 2,1.0,5.0
2026-03-24,VEGA Circle Mall,0.0,0.0
2026-03-25,Agartala,0.0,3.0
2026-03-25,CC2 Rajarhat,4.0,12.0
2026-03-25,City Centre GHY,1.0,9.0
2026-03-25,City Centre SIL,0.0,1.0
2026-03-25,Dibrugarh,2.0,6.0
2026-03-25,Fairfield,1.0,9.0
2026-03-25,Jorhat,3.0,6.0
2026-03-25,Malda,0.0,8.0
2026-03-25,Mani Square,0.0,2.0
2026-03-25,Roodraksh Mall,0.0,1.0
2026-03-25,Silchar,2.0,12.0
2026-03-25,Siliguri,3.0,5.0
2026-03-25,Siliguri 2,1.0,7.0
2026-03-25,VEGA Circle Mall,0.0,1.0
2026-03-26,Agartala,1.0,3.0
2026-03-26,CC2 Rajarhat,2.0,9.0
2026-03-26,City Centre GHY,0.0,6.0
2026-03-26,City Centre SIL,0.0,1.0
2026-03-26,Dibrugarh,1.0,4.0
2026-03-26,Fairfield,2.0,3.0
2026-03-26,Jorhat,1.0,4.0
2026-03-26,Malda,0.0,6.0
2026-03-26,Mani Square,3.0,5.0
2026-03-26,Roodraksh Mall,0.0,1.0
2026-03-26,Silchar,7.0,11.0
2026-03-26,Siliguri,0.0,14.0
2026-03-26,Siliguri 2,1.0,4.0
2026-03-26,VEGA Circle Mall,0.0,0.0
2026-03-27,Agartala,1.0,5.0
2026-03-27,CC2 Rajarhat,1.0,9.0
2026-03-27,City Centre GHY,2.0,4.0
2026-03-27,City Centre SIL,0.0,1.0
2026-03-27,Dibrugarh,1.0,1.0
2026-03-27,Fairfield,4.0,7.0
2026-03-27,Jorhat,4.0,10.0
2026-03-27,Malda,4.0,11.0
2026-03-27,Mani Square,1.0,2.0
2026-03-27,Roodraksh Mall,1.0,3.0
2026-03-27,Silchar,4.0,12.0
2026-03-27,Siliguri,0.0,5.0
2026-03-27,Siliguri 2,1.0,7.0
2026-03-27,VEGA Circle Mall,0.0,0.0
2026-03-28,Agartala,2.0,7.0
2026-03-28,CC2 Rajarhat,5.0,17.0
2026-03-28,City Centre GHY,0.0,7.0
2026-03-28,City Centre SIL,0.0,1.0
2026-03-28,Dibrugarh,6.0,9.0
2026-03-28,Fairfield,0.0,6.0
2026-03-28,Jorhat,1.0,6.0
2026-03-28,Malda,0.0,9.0
2026-03-28,Mani Square,2.0,5.0
2026-03-28,Roodraksh Mall,0.0,2.0
2026-03-28,Silchar,4.0,10.0
2026-03-28,Siliguri,4.0,17.0
2026-03-28,Siliguri 2,0.0,5.0
2026-03-28,VEGA Circle Mall,0.0,0.0
2026-03-29,Agartala,0.0,3.0
2026-03-29,CC2 Rajarhat,9.0,16.0
2026-03-29,City Centre GHY,2.0,15.0
2026-03-29,City Centre SIL,2.0,10.0
2026-03-29,Dibrugarh,2.0,3.0
2026-03-29,Fairfield,8.0,16.0
2026-03-29,Jorhat,2.0,3.0
2026-03-29,Malda,0.0,4.0
2026-03-29,Mani Square,1.0,5.0
2026-03-29,Roodraksh Mall,0.0,2.0
2026-03-29,Silchar,6.0,8.0
2026-03-29,Siliguri,0.0,8.0
2026-03-29,Siliguri 2,2.0,10.0
2026-03-29,VEGA Circle Mall,0.0,4.0
2026-03-30,Agartala,0.0,4.0
2026-03-30,CC2 Rajarhat,2.0,3.0
2026-03-30,City Centre GHY,1.0,7.0
2026-03-30,City Centre SIL,0.0,2.0
2026-03-30,Dibrugarh,2.0,8.0
2026-03-30,Fairfield,3.0,8.0
2026-03-30,Jorhat,2.0,8.0
2026-03-30,Malda,2.0,4.0
2026-03-30,Mani Square,0.0,2.0
2026-03-30,Roodraksh Mall,1.0,3.0
2026-03-30,Silchar,2.0,5.0
2026-03-30,Siliguri,3.0,8.0
2026-03-30,Siliguri 2,4.0,3.0
2026-03-30,VEGA Circle Mall,0.0,0.0
2026-03-31,Agartala,0.0,3.0
2026-03-31,CC2 Rajarhat,2.0,4.0
2026-03-31,City Centre GHY,6.0,5.0
2026-03-31,City Centre SIL,6.0,1.0
2026-03-31,Dibrugarh,5.0,11.0
2026-03-31,Fairfield,1.0,4.0
2026-03-31,Jorhat,4.0,8.0
2026-03-31,Malda,0.0,5.0
2026-03-31,Mani Square,2.0,3.0
2026-03-31,Roodraksh Mall,5.0,2.0
2026-03-31,Silchar,6.0,9.0
2026-03-31,Siliguri,60.0,21.0
2026-03-31,Siliguri 2,3.0,4.0
2026-03-31,VEGA Circle Mall,0.0,0.0
2026-04-01,Agartala,0.0,8.0
2026-04-01,CC2 Rajarhat,2.0,8.0
2026-04-01,City Centre GHY,1.0,4.0
2026-04-01,City Centre SIL,1.0,2.0
2026-04-01,Dibrugarh,1.0,6.0
2026-04-01,Fairfield,3.0,12.0
2026-04-01,Jorhat,1.0,2.0
2026-04-01,Malda,0.0,3.0
2026-04-01,Mani Square,1.0,7.0
2026-04-01,Roodraksh Mall,1.0,1.0
2026-04-01,Silchar,3.0,8.0
2026-04-01,Siliguri,3.0,8.0
2026-04-01,Siliguri 2,3.0,5.0
2026-04-01,VEGA Circle Mall,0.0,1.0
2026-04-02,Agartala,0.0,4.0
2026-04-02,CC2 Rajarhat,0.0,1.0
2026-04-02,City Centre GHY,0.0,6.0
2026-04-02,City Centre SIL,0.0,1.0
2026-04-02,Dibrugarh,1.0,3.0
2026-04-02,Fairfield,1.0,3.0
2026-04-02,Jorhat,3.0,5.0
2026-04-02,Malda,0.0,2.0
2026-04-02,Mani Square,1.0,3.0
2026-04-02,Roodraksh Mall,0.0,0.0
2026-04-02,Silchar,3.0,12.0
2026-04-02,Siliguri,0.0,11.0
2026-04-02,Siliguri 2,2.0,3.0
2026-04-02,VEGA Circle Mall,0.0,0.0
2026-04-03,Agartala,1.0,12.0
2026-04-03,CC2 Rajarhat,2.0,7.0
2026-04-03,City Centre GHY,1.0,11.0
2026-04-03,City Centre SIL,1.0,4.0
2026-04-03,Dibrugarh,1.0,14.0
2026-04-03,Fairfield,6.0,12.0
2026-04-03,Jorhat,2.0,14.0
2026-04-03,Malda,0.0,8.0
2026-04-03,Mani Square,3.0,6.0
2026-04-03,Roodraksh Mall,1.0,7.0
2026-04-03,Silchar,5.0,9.0
2026-04-03,Siliguri,2.0,6.0
2026-04-03,Siliguri 2,3.0,10.0
2026-04-03,VEGA Circle Mall,0.0,0.0
2026-04-04,Agartala,4.0,9.0
2026-04-04,CC2 Rajarhat,3.0,16.0
2026-04-04,City Centre GHY,0.0,5.0
2026-04-04,City Centre SIL,1.0,3.0
2026-04-04,Dibrugarh,2.0,10.0
2026-04-04,Fairfield,6.0,16.0
2026-04-04,Jorhat,3.0,12.0
2026-04-04,Malda,1.0,4.0
2026-04-04,Mani Square,1.0,5.0
2026-04-04,Roodraksh Mall,0.0,2.0
2026-04-04,Silchar,6.0,8.0
2026-04-04,Siliguri,1.0,9.0
2026-04-04,Siliguri 2,0.0,2.0
2026-04-04,VEGA Circle Mall,1.0,3.0
2026-04-05,Agartala,5.0,7.0
2026-04-05,CC2 Rajarhat,4.0,17.0
2026-04-05,City Centre GHY,1.0,6.0
2026-04-05,City Centre SIL,0.0,10.0
2026-04-05,Dibrugarh,1.0,8.0
2026-04-05,Fairfield,8.0,18.0
2026-04-05,Jorhat,5.0,7.0
2026-04-05,Malda,0.0,2.0
2026-04-05,Mani Square,1.0,6.0
2026-04-05,Roodraksh Mall,0.0,3.0
2026-04-05,Silchar,1.0,8.0
2026-04-05,Siliguri,4.0,24.0
2026-04-05,Siliguri 2,7.0,10.0
2026-04-05,VEGA Circle Mall,1.0,2.0
2026-04-06,Agartala,0.0,8.0
2026-04-06,CC2 Rajarhat,2.0,9.0
2026-04-06,City Centre GHY,0.0,5.0
2026-04-06,City Centre SIL,1.0,4.0
2026-04-06,Dibrugarh,3.0,19.0
2026-04-06,Fairfield,3.0,7.0
2026-04-06,Jorhat,5.0,16.0
2026-04-06,Malda,0.0,5.0
2026-04-06,Mani Square,2.0,7.0
2026-04-06,Roodraksh Mall,0.0,3.0
2026-04-06,Silchar,4.0,7.0
2026-04-06,Siliguri,0.0,22.0
2026-04-06,Siliguri 2,1.0,4.0
2026-04-06,VEGA Circle Mall,1.0,1.0
2026-04-07,Agartala,1.0,7.0
2026-04-07,CC2 Rajarhat,0.0,1.0
2026-04-07,City Centre GHY,1.0,3.0
2026-04-07,City Centre SIL,1.0,4.0
2026-04-07,Dibrugarh,3.0,10.0
2026-04-07,Fairfield,3.0,7.0
2026-04-07,Jorhat,1.0,10.0
2026-04-07,Malda,0.0,4.0
2026-04-07,Mani Square,1.0,2.0
2026-04-07,Roodraksh Mall,0.0,1.0
2026-04-07,Silchar,1.0,3.0
2026-04-07,Siliguri,0.0,10.0
2026-04-07,Siliguri 2,0.0,7.0
2026-04-07,VEGA Circle Mall,0.0,0.0
2026-04-08,Agartala,4.0,12.0
2026-04-08,CC2 Rajarhat,1.0,15.0
2026-04-08,City Centre GHY,1.0,3.0
2026-04-08,City Centre SIL,0.0,1.0
2026-04-08,Dibrugarh,2.0,9.0
2026-04-08,Fairfield,1.0,6.0
2026-04-08,Jorhat,4.0,10.0
2026-04-08,Malda,0.0,1.0
2026-04-08,Mani Square,1.0,5.0
2026-04-08,Roodraksh Mall,0.0,1.0
2026-04-08,Silchar,1.0,3.0
2026-04-08,Siliguri,4.0,10.0
2026-04-08,Siliguri 2,3.0,9.0
2026-04-08,VEGA Circle Mall,0.0,0.0
2026-04-09,Agartala,0.0,4.0
2026-04-09,CC2 Rajarhat,4.0,12.0
2026-04-09,City Centre GHY,0.0,0.0
2026-04-09,City Centre SIL,1.0,7.0
2026-04-09,Dibrugarh,1.0,5.0
2026-04-09,Fairfield,2.0,7.0
2026-04-09,Jorhat,2.0,1.0
2026-04-09,Malda,1.0,2.0
2026-04-09,Mani Square,4.0,5.0
2026-04-09,Roodraksh Mall,0.0,0.0
2026-04-09,Silchar,2.0,4.0
2026-04-09,Siliguri,3.0,14.0
2026-04-09,Siliguri 2,2.0,5.0
2026-04-09,VEGA Circle Mall,1.0,1.0
2026-04-10,Agartala,0.0,5.0
2026-04-10,CC2 Rajarhat,1.0,10.0
2026-04-10,City Centre GHY,2.0,13.0
2026-04-10,City Centre SIL,0.0,3.0
2026-04-10,Dibrugarh,1.0,11.0
2026-04-10,Fairfield,2.0,5.0
2026-04-10,Jorhat,3.0,12.0
2026-04-10,Malda,1.0,6.0
2026-04-10,Mani Square,4.0,5.0
2026-04-10,Roodraksh Mall,0.0,4.0
2026-04-10,Silchar,4.0,10.0
2026-04-10,Siliguri 2,4.0,7.0
2026-04-11,Agartala,3.0,14.0
2026-04-11,CC2 Rajarhat,3.0,14.0
2026-04-11,City Centre GHY,2.0,24.0
2026-04-11,Dibrugarh,3.0,10.0
2026-04-11,Fairfield,5.0,22.0
2026-04-11,Jorhat,5.0,22.0
2026-04-11,Malda,1.0,4.0
2026-04-11,Mani Square,8.0,14.0
2026-04-11,Roodraksh Mall,1.0,9.0
2026-04-11,Silchar,9.0,16.0
2026-04-11,Siliguri 2,5.0,11.0
2026-04-12,Agartala,2.0,11.0
2026-04-12,CC2 Rajarhat,2.0,18.0
2026-04-12,City Centre GHY,2.0,22.0
2026-04-12,City Centre SIL,0.0,11.0
2026-04-12,Dibrugarh,3.0,15.0
2026-04-12,Fairfield,6.0,18.0
2026-04-12,Jorhat,3.0,14.0
2026-04-12,Malda,0.0,1.0
2026-04-12,Mani Square,7.0,13.0
2026-04-12,Roodraksh Mall,0.0,9.0
2026-04-12,Silchar,7.0,13.0
2026-04-12,Siliguri,6.0,26.0
2026-04-12,Siliguri 2,2.0,7.0
2026-04-12,VEGA Circle Mall,0.0,2.0
2026-04-13,Agartala,0.0,14.0
2026-04-13,CC2 Rajarhat,3.0,14.0
2026-04-13,City Centre GHY,0.0,17.0
2026-04-13,City Centre SIL,0.0,1.0
2026-04-13,Dibrugarh,1.0,11.0
2026-04-13,Fairfield,1.0,9.0
2026-04-13,Jorhat,3.0,28.0
2026-04-13,Malda,0.0,6.0
2026-04-13,Mani Square,4.0,4.0
2026-04-13,Roodraksh Mall,0.0,9.0
2026-04-13,Silchar,5.0,7.0
2026-04-13,Siliguri,0.0,12.0
2026-04-13,Siliguri 2,4.0,9.0
2026-04-13,VEGA Circle Mall,0.0,0.0
2026-04-14,Agartala,1.0,14.0
2026-04-14,CC2 Rajarhat,3.0,19.0
2026-04-14,City Centre GHY,1.0,13.0
2026-04-14,City Centre SIL,2.0,6.0
2026-04-14,Dibrugarh,1.0,17.0
2026-04-14,Fairfield,4.0,9.0
2026-04-14,Jorhat,2.0,18.0
2026-04-14,Malda,2.0,12.0
2026-04-14,Mani Square,7.0,10.0
2026-04-14,Roodraksh Mall,1.0,7.0
2026-04-14,Silchar,8.0,16.0
2026-04-14,Siliguri,0.0,16.0
2026-04-14,Siliguri 2,3.0,15.0
2026-04-14,VEGA Circle Mall,1.0,1.0
2026-04-15,Agartala,1.0,11.0
2026-04-15,CC2 Rajarhat,0.0,20.0
2026-04-15,City Centre GHY,1.0,11.0
2026-04-15,City Centre SIL,0.0,7.0
2026-04-15,Dibrugarh,1.0,10.0
2026-04-15,Fairfield,2.0,15.0
2026-04-15,Jorhat,3.0,11.0
2026-04-15,Malda,2.0,4.0
2026-04-15,Mani Square,6.0,4.0
2026-04-15,Roodraksh Mall,0.0,1.0
2026-04-15,Silchar,7.0,9.0
2026-04-15,Siliguri,0.0,16.0
2026-04-15,Siliguri 2,2.0,13.0
2026-04-15,VEGA Circle Mall,1.0,3.0
2026-04-16,Agartala,2.0,10.0
2026-04-16,CC2 Rajarhat,1.0,10.0
2026-04-16,City Centre GHY,1.0,18.0
2026-04-16,City Centre SIL,1.0,6.0
2026-04-16,Dibrugarh,3.0,16.0
2026-04-16,Fairfield,2.0,15.0
2026-04-16,Jorhat,3.0,23.0
2026-04-16,Malda,0.0,15.0
2026-04-16,Mani Square,5.0,8.0
2026-04-16,Roodraksh Mall,1.0,6.0
2026-04-16,Silchar,12.0,16.0
2026-04-16,Siliguri,0.0,8.0
2026-04-16,Siliguri 2,2.0,8.0
2026-04-16,VEGA Circle Mall,0.0,0.0
2026-04-17,Agartala,0.0,13.0
2026-04-17,CC2 Rajarhat,5.0,8.0
2026-04-17,City Centre GHY,0.0,14.0
2026-04-17,City Centre SIL,0.0,5.0
2026-04-17,Dibrugarh,1.0,9.0
2026-04-17,Fairfield,7.0,12.0
2026-04-17,Jorhat,4.0,15.0
2026-04-17,Malda,1.0,6.0
2026-04-17,Mani Square,0.0,9.0
2026-04-17,Roodraksh Mall,0.0,7.0
2026-04-17,Silchar,5.0,7.0
2026-04-17,Siliguri,0.0,19.0
2026-04-17,Siliguri 2,9.0,9.0
2026-04-17,VEGA Circle Mall,0.0,0.0
2026-04-18,Agartala,1.0,15.0
2026-04-18,CC2 Rajarhat,8.0,16.0
2026-04-18,City Centre GHY,1.0,21.0
2026-04-18,City Centre SIL,1.0,10.0
2026-04-18,Dibrugarh,2.0,11.0
2026-04-18,Fairfield,9.0,21.0
2026-04-18,Jorhat,4.0,18.0
2026-04-18,Malda,1.0,10.0
2026-04-18,Mani Square,8.0,14.0
2026-04-18,Roodraksh Mall,0.0,5.0
2026-04-18,Silchar,4.0,8.0
2026-04-18,Siliguri,1.0,22.0
2026-04-18,Siliguri 2,4.0,13.0
2026-04-18,VEGA Circle Mall,0.0,0.0
2026-04-19,Agartala,1.0,15.0
2026-04-19,CC2 Rajarhat,10.0,23.0
2026-04-19,City Centre GHY,1.0,11.0
2026-04-19,City Centre SIL,0.0,5.0
2026-04-19,Dibrugarh,4.0,15.0
2026-04-19,Fairfield,12.0,29.0
2026-04-19,Jorhat,4.0,10.0
2026-04-19,Malda,3.0,5.0
2026-04-19,Mani Square,4.0,10.0
2026-04-19,Roodraksh Mall,0.0,11.0
2026-04-19,Silchar,3.0,4.0
2026-04-19,Siliguri,0.0,33.0
2026-04-19,Siliguri 2,1.0,8.0
2026-04-19,VEGA Circle Mall,0.0,0.0
2026-04-20,Agartala,2.0,11.0
2026-04-20,CC2 Rajarhat,1.0,7.0
2026-04-20,City Centre GHY,0.0,12.0
2026-04-20,City Centre SIL,2.0,4.0
2026-04-20,Dibrugarh,0.0,12.0
2026-04-20,Fairfield,3.0,14.0
2026-04-20,Jorhat,1.0,14.0
2026-04-20,Malda,1.0,3.0
2026-04-20,Mani Square,1.0,7.0
2026-04-20,Roodraksh Mall,0.0,1.0
2026-04-20,Silchar,6.0,7.0
2026-04-20,Siliguri,0.0,17.0
2026-04-20,Siliguri 2,3.0,16.0
2026-04-20,VEGA Circle Mall,0.0,2.0
2026-04-21,Agartala,3.0,21.0
2026-04-21,CC2 Rajarhat,1.0,12.0
2026-04-21,City Centre GHY,0.0,13.0
2026-04-21,City Centre SIL,0.0,7.0
2026-04-21,Dibrugarh,0.0,12.0
2026-04-21,Fairfield,3.0,9.0
2026-04-21,Jorhat,1.0,11.0
2026-04-21,Malda,2.0,7.0
2026-04-21,Mani Square,0.0,3.0
2026-04-21,Roodraksh Mall,0.0,2.0
2026-04-21,Silchar,5.0,8.0
2026-04-21,Siliguri,1.0,14.0
2026-04-21,Siliguri 2,2.0,11.0
2026-04-21,VEGA Circle Mall,0.0,0.0
2026-04-22,Agartala,2.0,15.0
2026-04-22,CC2 Rajarhat,2.0,6.0
2026-04-22,City Centre GHY,1.0,11.0
2026-04-22,City Centre SIL,1.0,6.0
2026-04-22,Dibrugarh,2.0,12.0
2026-04-22,Fairfield,4.0,11.0
2026-04-22,Jorhat,0.0,12.0
2026-04-22,Malda,0.0,4.0
2026-04-22,Mani Square,0.0,1.0
2026-04-22,Roodraksh Mall,0.0,7.0
2026-04-22,Silchar,1.0,1.0
2026-04-22,Siliguri,1.0,13.0
2026-04-22,Siliguri 2,0.0,2.0
2026-04-22,VEGA Circle Mall,0.0,1.0
2026-04-23,Agartala,0.0,7.0
2026-04-23,CC2 Rajarhat,3.0,12.0
2026-04-23,City Centre GHY,0.0,14.0
2026-04-23,City Centre SIL,0.0,1.0
2026-04-23,Dibrugarh,5.0,8.0
2026-04-23,Fairfield,3.0,14.0
2026-04-23,Jorhat,1.0,7.0
2026-04-23,Malda,0.0,0.0
2026-04-23,Mani Square,1.0,5.0
2026-04-23,Roodraksh Mall,2.0,3.0
2026-04-23,Silchar,6.0,10.0
2026-04-23,Siliguri,0.0,2.0
2026-04-23,Siliguri 2,1.0,3.0
2026-04-23,VEGA Circle Mall,0.0,0.0
2026-04-24,Agartala,1.0,7.0
2026-04-24,CC2 Rajarhat,2.0,9.0
2026-04-24,City Centre GHY,2.0,11.0
2026-04-24,City Centre SIL,0.0,5.0
2026-04-24,Dibrugarh,3.0,11.0
2026-04-24,Fairfield,1.0,6.0
2026-04-24,Jorhat,2.0,11.0
2026-04-24,Malda,2.0,5.0
2026-04-24,Mani Square,1.0,1.0
2026-04-24,Roodraksh Mall,0.0,8.0
2026-04-24,Silchar,1.0,5.0
2026-04-24,Siliguri,0.0,25.0
2026-04-24,Siliguri 2,3.0,15.0
2026-04-24,VEGA Circle Mall,1.0,1.0
2026-04-25,Agartala,4.0,11.0
2026-04-25,CC2 Rajarhat,2.0,13.0
2026-04-25,City Centre GHY,2.0,22.0
2026-04-25,City Centre SIL,0.0,7.0
2026-04-25,Dibrugarh,4.0,13.0
2026-04-25,Fairfield,6.0,14.0
2026-04-25,Jorhat,0.0,19.0
2026-04-25,Malda,1.0,10.0
2026-04-25,Mani Square,3.0,7.0
2026-04-25,Roodraksh Mall,0.0,6.0
2026-04-25,Silchar,3.0,10.0
2026-04-25,Siliguri,1.0,14.0
2026-04-25,Siliguri 2,2.0,7.0
2026-04-25,VEGA Circle Mall,0.0,2.0
2026-04-26,Agartala,1.0,9.0
2026-04-26,CC2 Rajarhat,6.0,17.0
2026-04-26,City Centre GHY,1.0,13.0
2026-04-26,City Centre SIL,0.0,6.0
2026-04-26,Dibrugarh,2.0,12.0
2026-04-26,Fairfield,5.0,14.0
2026-04-26,Jorhat,1.0,5.0
2026-04-26,Malda,0.0,4.0
2026-04-26,Mani Square,7.0,16.0
2026-04-26,Roodraksh Mall,0.0,7.0
2026-04-26,Silchar,1.0,4.0
2026-04-26,Siliguri,0.0,13.0
2026-04-26,Siliguri 2,1.0,6.0
2026-04-26,VEGA Circle Mall,1.0,2.0
2026-04-27,Agartala,2.0,12.0
2026-04-27,CC2 Rajarhat,2.0,5.0
2026-04-27,City Centre GHY,0.0,4.0
2026-04-27,City Centre SIL,0.0,2.0
2026-04-27,Dibrugarh,3.0,8.0
2026-04-27,Fairfield,3.0,10.0
2026-04-27,Jorhat,0.0,8.0
2026-04-27,Malda,1.0,6.0
2026-04-27,Mani Square,2.0,6.0
2026-04-27,Roodraksh Mall,0.0,3.0
2026-04-27,Silchar,2.0,7.0
2026-04-27,Siliguri,1.0,21.0
2026-04-27,Siliguri 2,2.0,9.0
2026-04-27,VEGA Circle Mall,0.0,2.0
2026-04-28,Agartala,4.0,11.0
2026-04-28,CC2 Rajarhat,1.0,0.0
2026-04-28,City Centre GHY,2.0,10.0
2026-04-28,City Centre SIL,0.0,4.0
2026-04-28,Dibrugarh,1.0,7.0
2026-04-28,Fairfield,5.0,6.0
2026-04-28,Jorhat,1.0,12.0
2026-04-28,Malda,2.0,7.0
2026-04-28,Mani Square,2.0,3.0
2026-04-28,Roodraksh Mall,0.0,1.0
2026-04-28,Silchar,5.0,10.0
2026-04-28,Siliguri,0.0,12.0
2026-04-28,Siliguri 2,1.0,7.0
2026-04-28,VEGA Circle Mall,0.0,0.0
2026-04-29,Agartala,2.0,5.0
2026-04-29,CC2 Rajarhat,0.0,0.0
2026-04-29,City Centre GHY,0.0,9.0
2026-04-29,City Centre SIL,1.0,1.0
2026-04-29,Dibrugarh,4.0,12.0
2026-04-29,Fairfield,0.0,6.0
2026-04-29,Jorhat,0.0,5.0
2026-04-29,Malda,0.0,4.0
2026-04-29,Mani Square,2.0,2.0
2026-04-29,Roodraksh Mall,4.0,2.0
2026-04-29,Silchar,4.0,7.0
2026-04-29,Siliguri,0.0,16.0
2026-04-29,Siliguri 2,1.0,6.0
2026-04-29,VEGA Circle Mall,0.0,0.0
2026-04-30,Agartala,0.0,12.0
2026-04-30,CC2 Rajarhat,4.0,25.0
2026-04-30,City Centre GHY,1.0,8.0
2026-04-30,City Centre SIL,2.0,4.0
2026-04-30,Dibrugarh,0.0,11.0
2026-04-30,Fairfield,1.0,8.0
2026-04-30,Jorhat,2.0,13.0
2026-04-30,Malda,1.0,3.0
2026-04-30,Mani Square,2.0,4.0
2026-04-30,Roodraksh Mall,3.0,5.0
2026-04-30,Silchar,5.0,8.0
2026-04-30,Siliguri,4.0,10.0
2026-04-30,Siliguri 2,0.0,6.0
2026-04-30,VEGA Circle Mall,0.0,3.0
2026-05-01,Agartala,4.0,13.0
2026-05-01,CC2 Rajarhat,7.0,17.0
2026-05-01,City Centre GHY,0.0,7.0
2026-05-01,City Centre SIL,0.0,6.0
2026-05-01,Dibrugarh,2.0,12.0
2026-05-01,Fairfield,5.0,14.0
2026-05-01,Jorhat,1.0,15.0
2026-05-01,Malda,2.0,4.0
2026-05-01,Mani Square,2.0,6.0
2026-05-01,Roodraksh Mall,3.0,6.0
2026-05-01,Silchar,7.0,10.0
2026-05-01,Siliguri,0.0,13.0
2026-05-01,Siliguri 2,5.0,11.0
2026-05-01,VEGA Circle Mall,1.0,3.0
2026-05-02,Agartala,0.0,11.0
2026-05-02,CC2 Rajarhat,0.0,4.0
2026-05-02,City Centre GHY,1.0,9.0
2026-05-02,City Centre SIL,1.0,9.0
2026-05-02,Dibrugarh,1.0,8.0
2026-05-02,Fairfield,8.0,9.0
2026-05-02,Jorhat,3.0,10.0
2026-05-02,Malda,1.0,6.0
2026-05-02,Mani Square,1.0,10.0
2026-05-02,Roodraksh Mall,1.0,4.0
2026-05-02,Silchar,3.0,4.0
2026-05-02,Siliguri,0.0,11.0
2026-05-02,Siliguri 2,1.0,9.0
2026-05-02,VEGA Circle Mall,1.0,0.0
2026-05-03,Agartala,0.0,11.0
2026-05-03,CC2 Rajarhat,6.0,13.0
2026-05-03,City Centre GHY,1.0,7.0
2026-05-03,City Centre SIL,0.0,11.0
2026-05-03,Dibrugarh,1.0,6.0
2026-05-03,Fairfield,4.0,18.0
2026-05-03,Jorhat,3.0,7.0
2026-05-03,Malda,1.0,8.0
2026-05-03,Mani Square,3.0,10.0
2026-05-03,Roodraksh Mall,1.0,5.0
2026-05-03,Silchar,1.0,5.0
2026-05-03,Siliguri,0.0,17.0
2026-05-03,Siliguri 2,2.0,12.0
2026-05-03,VEGA Circle Mall,1.0,2.0
2026-05-04,Agartala,3.0,8.0
2026-05-04,CC2 Rajarhat,0.0,1.0
2026-05-04,City Centre GHY,1.0,3.0
2026-05-04,City Centre SIL,0.0,2.0
2026-05-04,Dibrugarh,3.0,4.0
2026-05-04,Fairfield,2.0,2.0
2026-05-04,Jorhat,0.0,14.0
2026-05-04,Malda,0.0,0.0
2026-05-04,Mani Square,1.0,3.0
2026-05-04,Roodraksh Mall,0.0,5.0
2026-05-04,Silchar,1.0,3.0
2026-05-04,Siliguri,0.0,8.0
2026-05-04,Siliguri 2,1.0,6.0
2026-05-04,VEGA Circle Mall,0.0,1.0
2026-05-05,Agartala,2.0,6.0
2026-05-05,CC2 Rajarhat,0.0,4.0
2026-05-05,City Centre GHY,0.0,2.0
2026-05-05,City Centre SIL,0.0,5.0
2026-05-05,Dibrugarh,0.0,9.0
2026-05-05,Fairfield,9.0,8.0
2026-05-05,Jorhat,0.0,5.0
2026-05-05,Malda,1.0,6.0
2026-05-05,Mani Square,4.0,5.0
2026-05-05,Roodraksh Mall,0.0,1.0
2026-05-05,Silchar,3.0,5.0
2026-05-05,Siliguri,0.0,18.0
2026-05-05,Siliguri 2,0.0,4.0
2026-05-05,VEGA Circle Mall,0.0,2.0
2026-05-06,Agartala,1.0,5.0
2026-05-06,CC2 Rajarhat,4.0,7.0
2026-05-06,City Centre GHY,2.0,4.0
2026-05-06,City Centre SIL,0.0,6.0
2026-05-06,Dibrugarh,1.0,8.0
2026-05-06,Fairfield,2.0,9.0
2026-05-06,Jorhat,3.0,9.0
2026-05-06,Malda,0.0,5.0
2026-05-06,Mani Square,1.0,6.0
2026-05-06,Roodraksh Mall,0.0,3.0
2026-05-06,Silchar,1.0,6.0
2026-05-06,Siliguri,0.0,19.0
2026-05-06,Siliguri 2,2.0,7.0
2026-05-06,VEGA Circle Mall,0.0,1.0
2026-05-07,Agartala,3.0,12.0
2026-05-07,CC2 Rajarhat,2.0,11.0
2026-05-07,City Centre GHY,1.0,7.0
2026-05-07,City Centre SIL,0.0,6.0
2026-05-07,Dibrugarh,2.0,3.0
2026-05-07,Fairfield,2.0,11.0
2026-05-07,Jorhat,2.0,9.0
2026-05-07,Malda,0.0,3.0
2026-05-07,Mani Square,1.0,7.0
2026-05-07,Roodraksh Mall,0.0,3.0
2026-05-07,Silchar,4.0,9.0
2026-05-07,Siliguri,0.0,14.0
2026-05-07,Siliguri 2,1.0,4.0
2026-05-07,VEGA Circle Mall,0.0,1.0
2026-05-08,Agartala,1.0,8.0
2026-05-08,CC2 Rajarhat,1.0,8.0
2026-05-08,City Centre GHY,0.0,7.0
2026-05-08,City Centre SIL,0.0,5.0
2026-05-08,Dibrugarh,1.0,5.0
2026-05-08,Fairfield,5.0,10.0
2026-05-08,Jorhat,3.0,8.0
2026-05-08,Malda,1.0,10.0
2026-05-08,Mani Square,2.0,4.0
2026-05-08,Roodraksh Mall,0.0,1.0
2026-05-08,Silchar,6.0,9.0
2026-05-08,Siliguri,1.0,9.0
2026-05-08,Siliguri 2,0.0,9.0
2026-05-08,VEGA Circle Mall,0.0,0.0
2026-05-09,Agartala,3.0,10.0
2026-05-09,CC2 Rajarhat,2.0,16.0
2026-05-09,City Centre GHY,1.0,6.0
2026-05-09,City Centre SIL,0.0,1.0
2026-05-09,Dibrugarh,5.0,8.0
2026-05-09,Fairfield,7.0,16.0
2026-05-09,Jorhat,0.0,7.0
2026-05-09,Malda,1.0,1.0
2026-05-09,Mani Square,3.0,10.0
2026-05-09,Roodraksh Mall,0.0,1.0
2026-05-09,Silchar,9.0,15.0
2026-05-09,Siliguri,1.0,8.0
2026-05-09,Siliguri 2,1.0,6.0
2026-05-09,VEGA Circle Mall,0.0,
2026-05-10,Agartala,2.0,7.0
2026-05-10,CC2 Rajarhat,4.0,11.0
2026-05-10,City Centre GHY,0.0,10.0
2026-05-10,City Centre SIL,0.0,4.0
2026-05-10,Dibrugarh,2.0,6.0
2026-05-10,Fairfield,11.0,15.0
2026-05-10,Jorhat,2.0,6.0
2026-05-10,Malda,0.0,3.0
2026-05-10,Mani Square,2.0,3.0
2026-05-10,Roodraksh Mall,0.0,4.0
2026-05-10,Silchar,8.0,10.0
2026-05-10,Siliguri,0.0,11.0
2026-05-10,Siliguri 2,1.0,3.0
2026-05-10,VEGA Circle Mall,0.0,1.0
2026-05-11,Agartala,0.0,6.0
2026-05-11,CC2 Rajarhat,1.0,6.0
2026-05-11,City Centre GHY,0.0,10.0
2026-05-11,City Centre SIL,0.0,0.0
2026-05-11,Dibrugarh,2.0,9.0
2026-05-11,Fairfield,1.0,3.0
2026-05-11,Jorhat,0.0,3.0
2026-05-11,Malda,0.0,6.0
2026-05-11,Mani Square,1.0,3.0
2026-05-11,Roodraksh Mall,2.0,4.0
2026-05-11,Silchar,5.0,10.0
2026-05-11,Siliguri,0.0,15.0
2026-05-11,Siliguri 2,3.0,6.0
2026-05-11,VEGA Circle Mall,0.0,0.0
2026-05-12,Agartala,3.0,12.0
2026-05-12,CC2 Rajarhat,0.0,7.0
2026-05-12,City Centre GHY,0.0,5.0
2026-05-12,City Centre SIL,0.0,0.0
2026-05-12,Dibrugarh,3.0,7.0
2026-05-12,Fairfield,5.0,5.0
2026-05-12,Jorhat,1.0,2.0
2026-05-12,Malda,1.0,2.0
2026-05-12,Mani Square,3.0,7.0
2026-05-12,Roodraksh Mall,2.0,1.0
2026-05-12,Silchar,5.0,6.0
2026-05-12,Siliguri,0.0,12.0
2026-05-12,Siliguri 2,3.0,6.0
2026-05-12,VEGA Circle Mall,0.0,0.0
2026-05-13,Agartala,1.0,11.0
2026-05-13,CC2 Rajarhat,0.0,7.0
2026-05-13,City Centre GHY,0.0,3.0
2026-05-13,City Centre SIL,0.0,10.0
2026-05-13,Dibrugarh,0.0,1.0
2026-05-13,Fairfield,6.0,16.0
2026-05-13,Jorhat,1.0,8.0
2026-05-13,Malda,2.0,8.0
2026-05-13,Mani Square,1.0,3.0
2026-05-13,Roodraksh Mall,0.0,0.0
2026-05-13,Silchar,1.0,1.0
2026-05-13,Siliguri,0.0,11.0
2026-05-13,Siliguri 2,3.0,7.0
2026-05-13,VEGA Circle Mall,0.0,1.0
2026-05-14,Agartala,0.0,4.0
2026-05-14,CC2 Rajarhat,2.0,4.0
2026-05-14,City Centre GHY,2.0,5.0
2026-05-14,City Centre SIL,0.0,2.0
2026-05-14,Dibrugarh,4.0,8.0
2026-05-14,Fairfield,3.0,4.0
2026-05-14,Jorhat,1.0,3.0
2026-05-14,Malda,0.0,2.0
2026-05-14,Mani Square,0.0,0.0
2026-05-14,Roodraksh Mall,0.0,1.0
2026-05-14,Silchar,4.0,6.0
2026-05-14,Siliguri,0.0,10.0
2026-05-14,Siliguri 2,2.0,1.0
2026-05-14,VEGA Circle Mall,0.0,0.0
2026-05-15,Agartala,0.0,6.0
2026-05-15,CC2 Rajarhat,0.0,0.0
2026-05-15,City Centre GHY,0.0,3.0
2026-05-15,City Centre SIL,0.0,0.0
2026-05-15,Dibrugarh,1.0,4.0
2026-05-15,Fairfield,2.0,6.0
2026-05-15,Jorhat,1.0,4.0
2026-05-15,Malda,1.0,2.0
2026-05-15,Mani Square,1.0,5.0
2026-05-15,Roodraksh Mall,0.0,0.0
2026-05-15,Silchar,2.0,7.0
2026-05-15,Siliguri,0.0,9.0
2026-05-15,Siliguri 2,1.0,2.0
2026-05-15,VEGA Circle Mall,0.0,1.0
2026-05-16,Agartala,1.0,6.0
2026-05-16,CC2 Rajarhat,0.0,8.0
2026-05-16,City Centre GHY,0.0,3.0
2026-05-16,City Centre SIL,0.0,2.0
2026-05-16,Dibrugarh,2.0,3.0
2026-05-16,Fairfield,4.0,7.0
2026-05-16,Jorhat,0.0,4.0
2026-05-16,Malda,0.0,2.0
2026-05-16,Mani Square,3.0,6.0
2026-05-16,Roodraksh Mall,1.0,1.0
2026-05-16,Silchar,5.0,7.0
2026-05-16,Siliguri,0.0,8.0
2026-05-16,Siliguri 2,0.0,1.0
2026-05-16,VEGA Circle Mall,0.0,1.0
2026-05-17,Agartala,1.0,4.0
2026-05-17,CC2 Rajarhat,5.0,8.0
2026-05-17,City Centre GHY,0.0,5.0
2026-05-17,City Centre SIL,0.0,2.0
2026-05-17,Dibrugarh,3.0,3.0
2026-05-17,Fairfield,4.0,8.0
2026-05-17,Jorhat,0.0,1.0
2026-05-17,Malda,0.0,2.0
2026-05-17,Mani Square,3.0,3.0
2026-05-17,Roodraksh Mall,1.0,1.0
2026-05-17,Silchar,2.0,2.0
2026-05-17,Siliguri,0.0,7.0
2026-05-17,Siliguri 2,0.0,2.0
2026-05-17,VEGA Circle Mall,0.0,0.0
2026-05-18,Agartala,0.0,5.0
2026-05-18,CC2 Rajarhat,0.0,4.0
2026-05-18,City Centre GHY,1.0,2.0
2026-05-18,City Centre SIL,1.0,2.0
2026-05-18,Dibrugarh,1.0,2.0
2026-05-18,Fairfield,2.0,4.0
2026-05-18,Jorhat,0.0,1.0
2026-05-18,Malda,1.0,2.0
2026-05-18,Mani Square,1.0,4.0
2026-05-18,Roodraksh Mall,0.0,0.0
2026-05-18,Silchar,1.0,2.0
2026-05-18,Siliguri,1.0,3.0
2026-05-18,Siliguri 2,0.0,1.0
2026-05-18,VEGA Circle Mall,0.0,0.0
2026-05-19,Agartala,0.0,6.0
2026-05-19,CC2 Rajarhat,1.0,6.0
2026-05-19,City Centre GHY,1.0,2.0
2026-05-19,City Centre SIL,0.0,2.0
2026-05-19,Dibrugarh,0.0,2.0
2026-05-19,Fairfield,3.0,9.0
2026-05-19,Jorhat,0.0,4.0
2026-05-19,Malda,1.0,4.0
2026-05-19,Mani Square,4.0,6.0
2026-05-19,Roodraksh Mall,0.0,0.0
2026-05-19,Silchar,2.0,9.0
2026-05-19,Siliguri,0.0,8.0
2026-05-19,Siliguri 2,0.0,0.0
2026-05-19,VEGA Circle Mall,0.0,0.0
2026-05-20,Agartala,2.0,0.0
2026-05-20,CC2 Rajarhat,0.0,3.0
2026-05-20,City Centre GHY,0.0,0.0
2026-05-20,City Centre SIL,1.0,1.0
2026-05-20,Dibrugarh,1.0,2.0
2026-05-20,Fairfield,4.0,6.0
2026-05-20,Jorhat,0.0,3.0
2026-05-20,Malda,0.0,3.0
2026-05-20,Mani Square,2.0,4.0
2026-05-20,Roodraksh Mall,0.0,2.0
2026-05-20,Silchar,3.0,7.0
2026-05-20,Siliguri,0.0,5.0
2026-05-20,Siliguri 2,0.0,2.0
2026-05-20,VEGA Circle Mall,0.0,0.0
2026-05-21,Agartala,3.0,2.0
2026-05-21,CC2 Rajarhat,1.0,5.0
2026-05-21,City Centre GHY,0.0,11.0
2026-05-21,City Centre SIL,0.0,1.0
2026-05-21,Dibrugarh,0.0,0.0
2026-05-21,Fairfield,3.0,3.0
2026-05-21,Jorhat,2.0,2.0
2026-05-21,Malda,0.0,5.0
2026-05-21,Mani Square,2.0,5.0
2026-05-21,Roodraksh Mall,0.0,3.0
2026-05-21,Silchar,2.0,9.0
2026-05-21,Siliguri,0.0,4.0
2026-05-21,Siliguri 2,1.0,1.0
2026-05-21,VEGA Circle Mall,1.0,1.0
2026-05-22,Agartala,0.0,7.0
2026-05-22,CC2 Rajarhat,2.0,5.0
2026-05-22,City Centre GHY,0.0,6.0
2026-05-22,City Centre SIL,0.0,2.0
2026-05-22,Dibrugarh,3.0,3.0
2026-05-22,Fairfield,2.0,5.0
2026-05-22,Jorhat,0.0,4.0
2026-05-22,Malda,0.0,3.0
2026-05-22,Mani Square,0.0,0.0
2026-05-22,Roodraksh Mall,0.0,0.0
2026-05-22,Silchar,5.0,9.0
2026-05-22,Siliguri,0.0,5.0
2026-05-22,Siliguri 2,0.0,1.0
2026-05-22,VEGA Circle Mall,0.0,0.0
2026-05-23,Agartala,1.0,4.0
2026-05-23,CC2 Rajarhat,5.0,9.0
2026-05-23,City Centre GHY,1.0,5.0
2026-05-23,City Centre SIL,1.0,6.0
2026-05-23,Dibrugarh,1.0,4.0
2026-05-23,Fairfield,6.0,8.0
2026-05-23,Jorhat,0.0,1.0
2026-05-23,Malda,1.0,2.0
2026-05-23,Mani Square,0.0,1.0
2026-05-23,Roodraksh Mall,0.0,2.0
2026-05-23,Silchar,3.0,6.0
2026-05-23,Siliguri,1.0,12.0
2026-05-23,Siliguri 2,2.0,3.0
2026-05-23,VEGA Circle Mall,0.0,0.0
2026-05-24,Agartala,0.0,2.0
2026-05-24,CC2 Rajarhat,1.0,10.0
2026-05-24,City Centre GHY,0.0,9.0
2026-05-24,City Centre SIL,0.0,4.0
2026-05-24,Dibrugarh,2.0,2.0
2026-05-24,Fairfield,5.0,12.0
2026-05-24,Jorhat,0.0,0.0
2026-05-24,Malda,0.0,0.0
2026-05-24,Mani Square,3.0,6.0
2026-05-24,Roodraksh Mall,0.0,3.0
2026-05-24,Silchar,2.0,5.0
2026-05-24,Siliguri,2.0,14.0
2026-05-24,Siliguri 2,0.0,0.0
2026-05-24,VEGA Circle Mall,0.0,0.0
2026-05-25,Agartala,0.0,7.0
2026-05-25,CC2 Rajarhat,0.0,5.0
2026-05-25,City Centre GHY,0.0,10.0
2026-05-25,City Centre SIL,0.0,1.0
2026-05-25,Dibrugarh,4.0,5.0
2026-05-25,Fairfield,2.0,4.0
2026-05-25,Jorhat,0.0,2.0
2026-05-25,Malda,0.0,4.0
2026-05-25,Mani Square,0.0,2.0
2026-05-25,Roodraksh Mall,0.0,12.0
2026-05-25,Silchar,2.0,4.0
2026-05-25,Siliguri,1.0,10.0
2026-05-25,Siliguri 2,1.0,2.0
2026-05-25,VEGA Circle Mall,0.0,0.0
2026-05-26,Agartala,0.0,1.0
2026-05-26,CC2 Rajarhat,0.0,4.0
2026-05-26,City Centre GHY,2.0,12.0
2026-05-26,City Centre SIL,0.0,3.0
2026-05-26,Dibrugarh,2.0,6.0
2026-05-26,Fairfield,5.0,9.0
2026-05-26,Jorhat,0.0,5.0
2026-05-26,Malda,3.0,8.0
2026-05-26,Mani Square,0.0,2.0
2026-05-26,Roodraksh Mall,0.0,4.0
2026-05-26,Silchar,3.0,6.0
2026-05-26,Siliguri,0.0,7.0
2026-05-26,Siliguri 2,1.0,3.0
2026-05-26,VEGA Circle Mall,0.0,0.0
2026-05-27,Agartala,0.0,6.0
2026-05-27,CC2 Rajarhat,0.0,8.0
2026-05-27,City Centre GHY,0.0,8.0
2026-05-27,City Centre SIL,1.0,6.0
2026-05-27,Dibrugarh,6.0,5.0
2026-05-27,Fairfield,1.0,11.0
2026-05-27,Jorhat,1.0,9.0
2026-05-27,Malda,0.0,11.0
2026-05-27,Mani Square,0.0,0.0
2026-05-27,Roodraksh Mall,0.0,4.0
2026-05-27,Silchar,7.0,13.0
2026-05-27,Siliguri,0.0,5.0
2026-05-27,Siliguri 2,1.0,2.0
2026-05-27,VEGA Circle Mall,0.0,0.0
2026-05-28,Agartala,0.0,3.0
2026-05-28,CC2 Rajarhat,1.0,6.0
2026-05-28,City Centre GHY,0.0,3.0
2026-05-28,City Centre SIL,0.0,3.0
2026-05-28,Dibrugarh,2.0,1.0
2026-05-28,Fairfield,2.0,8.0
2026-05-28,Jorhat,1.0,3.0
2026-05-28,Malda,0.0,5.0
2026-05-28,Mani Square,2.0,3.0
2026-05-28,Roodraksh Mall,0.0,1.0
2026-05-28,Silchar,2.0,3.0
2026-05-28,Siliguri,0.0,5.0
2026-05-28,Siliguri 2,1.0,4.0
2026-05-28,VEGA Circle Mall,1.0,1.0
2026-05-29,Agartala,0.0,5.0
2026-05-29,CC2 Rajarhat,1.0,6.0
2026-05-29,City Centre GHY,0.0,2.0
2026-05-29,City Centre SIL,0.0,4.0
2026-05-29,Dibrugarh,2.0,1.0
2026-05-29,Fairfield,4.0,6.0
2026-05-29,Jorhat,0.0,0.0
2026-05-29,Malda,0.0,2.0
2026-05-29,Mani Square,0.0,2.0
2026-05-29,Roodraksh Mall,0.0,2.0
2026-05-29,Silchar,0.0,2.0
2026-05-29,Siliguri,0.0,7.0
2026-05-29,Siliguri 2,2.0,2.0
2026-05-29,VEGA Circle Mall,0.0,0.0
2026-05-30,Agartala,2.0,6.0
2026-05-30,CC2 Rajarhat,1.0,6.0
2026-05-30,City Centre GHY,0.0,1.0
2026-05-30,City Centre SIL,0.0,4.0
2026-05-30,Dibrugarh,1.0,6.0
2026-05-30,Fairfield,6.0,9.0
2026-05-30,Jorhat,0.0,3.0
2026-05-30,Malda,0.0,6.0
2026-05-30,Mani Square,2.0,6.0
2026-05-30,Roodraksh Mall,0.0,3.0
2026-05-30,Silchar,4.0,5.0
2026-05-30,Siliguri,4.0,9.0
2026-05-30,Siliguri 2,2.0,5.0
2026-05-30,VEGA Circle Mall,0.0,0.0
2026-05-31,Agartala,0.0,4.0
2026-05-31,CC2 Rajarhat,0.0,6.0
2026-05-31,City Centre GHY,0.0,1.0
2026-05-31,City Centre SIL,0.0,1.0
2026-05-31,Dibrugarh,0.0,4.0
2026-05-31,Fairfield,3.0,10.0
2026-05-31,Jorhat,1.0,2.0
2026-05-31,Malda,1.0,6.0
2026-05-31,Mani Square,5.0,5.0
2026-05-31,Roodraksh Mall,0.0,1.0
2026-05-31,Silchar,1.0,2.0
2026-05-31,Siliguri,2.0,6.0
2026-05-31,Siliguri 2,1.0,2.0
2026-05-31,VEGA Circle Mall,0.0,0.0
2026-06-01,Agartala,1.0,3.0
2026-06-01,CC2 Rajarhat,1.0,7.0
2026-06-01,City Centre GHY,0.0,5.0
2026-06-01,City Centre SIL,0.0,1.0
2026-06-01,Dibrugarh,1.0,5.0
2026-06-01,Fairfield,0.0,1.0
2026-06-01,Jorhat,1.0,2.0
2026-06-01,Malda,2.0,6.0
2026-06-01,Mani Square,1.0,1.0
2026-06-01,Roodraksh Mall,0.0,1.0
2026-06-01,Silchar,1.0,1.0
2026-06-01,Siliguri,0.0,3.0
2026-06-01,Siliguri 2,0.0,0.0
2026-06-01,VEGA Circle Mall,0.0,0.0
2026-06-02,Agartala,0.0,4.0
2026-06-02,CC2 Rajarhat,0.0,3.0
2026-06-02,City Centre GHY,0.0,1.0
2026-06-02,City Centre SIL,1.0,1.0
2026-06-02,Dibrugarh,0.0,3.0
2026-06-02,Fairfield,3.0,3.0
2026-06-02,Jorhat,0.0,3.0
2026-06-02,Malda,1.0,5.0
2026-06-02,Mani Square,3.0,8.0
2026-06-02,Roodraksh Mall,0.0,2.0
2026-06-02,Silchar,1.0,3.0
2026-06-02,Siliguri,0.0,4.0
2026-06-02,Siliguri 2,0.0,4.0
2026-06-02,VEGA Circle Mall,0.0,0.0
2026-06-03,Agartala,0.0,1.0
2026-06-03,CC2 Rajarhat,0.0,1.0
2026-06-03,City Centre GHY,0.0,3.0
2026-06-03,City Centre SIL,0.0,1.0
2026-06-03,Dibrugarh,1.0,4.0
2026-06-03,Fairfield,1.0,6.0
2026-06-03,Jorhat,1.0,4.0
2026-06-03,Malda,0.0,1.0
2026-06-03,Mani Square,0.0,6.0
2026-06-03,Roodraksh Mall,0.0,2.0
2026-06-03,Silchar,1.0,1.0
2026-06-03,Siliguri,0.0,7.0
2026-06-03,Siliguri 2,0.0,1.0
2026-06-03,VEGA Circle Mall,0.0,1.0
2026-06-04,Agartala,0.0,3.0
2026-06-04,CC2 Rajarhat,1.0,4.0
2026-06-04,City Centre GHY,0.0,2.0
2026-06-04,City Centre SIL,0.0,2.0
2026-06-04,Dibrugarh,3.0,2.0
2026-06-04,Fairfield,0.0,1.0
2026-06-04,Jorhat,0.0,2.0
2026-06-04,Malda,1.0,5.0
2026-06-04,Mani Square,2.0,4.0
2026-06-04,Roodraksh Mall,0.0,1.0
2026-06-04,Silchar,2.0,4.0
2026-06-04,Siliguri,0.0,9.0
2026-06-04,Siliguri 2,1.0,2.0
2026-06-04,VEGA Circle Mall,0.0,0.0
2026-06-05,Agartala,1.0,3.0
2026-06-05,CC2 Rajarhat,0.0,3.0
2026-06-05,City Centre GHY,0.0,2.0
2026-06-05,City Centre SIL,0.0,1.0
2026-06-05,Dibrugarh,0.0,4.0
2026-06-05,Fairfield,3.0,6.0
2026-06-05,Jorhat,1.0,2.0
2026-06-05,Malda,0.0,2.0
2026-06-05,Mani Square,3.0,6.0
2026-06-05,Roodraksh Mall,1.0,1.0
2026-06-05,Silchar,1.0,4.0
2026-06-05,Siliguri,3.0,13.0
2026-06-05,Siliguri 2,0.0,1.0
2026-06-05,VEGA Circle Mall,0.0,0.0
2026-06-06,Agartala,0.0,3.0
2026-06-06,CC2 Rajarhat,2.0,7.0
2026-06-06,City Centre GHY,1.0,3.0
2026-06-06,City Centre SIL,0.0,2.0
2026-06-06,Dibrugarh,0.0,4.0
2026-06-06,Fairfield,2.0,12.0
2026-06-06,Jorhat,1.0,3.0
2026-06-06,Malda,2.0,4.0
2026-06-06,Mani Square,4.0,12.0
2026-06-06,Roodraksh Mall,0.0,1.0
2026-06-06,Silchar,5.0,8.0
2026-06-06,Siliguri,1.0,9.0
2026-06-06,Siliguri 2,1.0,4.0
2026-06-06,VEGA Circle Mall,0.0,0.0
2026-06-07,Agartala,1.0,2.0
2026-06-07,CC2 Rajarhat,2.0,9.0
2026-06-07,City Centre GHY,1.0,8.0
2026-06-07,City Centre SIL,2.0,5.0
2026-06-07,Dibrugarh,0.0,2.0
2026-06-07,Fairfield,3.0,9.0
2026-06-07,Jorhat,0.0,2.0
2026-06-07,Malda,2.0,10.0
2026-06-07,Mani Square,3.0,6.0
2026-06-07,Roodraksh Mall,0.0,4.0
2026-06-07,Silchar,1.0,4.0
2026-06-07,Siliguri,2.0,13.0
2026-06-07,Siliguri 2,3.0,3.0
2026-06-07,VEGA Circle Mall,0.0,3.0
2026-06-08,Agartala,0.0,2.0
2026-06-08,CC2 Rajarhat,0.0,3.0
2026-06-08,City Centre GHY,0.0,3.0
2026-06-08,City Centre SIL,1.0,3.0
2026-06-08,Dibrugarh,1.0,1.0
2026-06-08,Fairfield,1.0,10.0
2026-06-08,Jorhat,1.0,3.0
2026-06-08,Malda,1.0,3.0
2026-06-08,Mani Square,0.0,1.0
2026-06-08,Roodraksh Mall,0.0,1.0
2026-06-08,Silchar,3.0,5.0
2026-06-08,Siliguri,1.0,8.0
2026-06-08,Siliguri 2,1.0,2.0
2026-06-08,VEGA Circle Mall,0.0,0.0
2026-06-09,Agartala,0.0,3.0
2026-06-09,CC2 Rajarhat,0.0,4.0
2026-06-09,City Centre GHY,0.0,1.0
2026-06-09,City Centre SIL,1.0,2.0
2026-06-09,Dibrugarh,1.0,6.0
2026-06-09,Fairfield,3.0,6.0
2026-06-09,Jorhat,1.0,3.0
2026-06-09,Malda,1.0,6.0
2026-06-09,Mani Square,2.0,9.0
2026-06-09,Roodraksh Mall,0.0,0.0
2026-06-09,Silchar,1.0,2.0
2026-06-09,Siliguri,0.0,6.0
2026-06-09,Siliguri 2,1.0,1.0
2026-06-09,VEGA Circle Mall,1.0,1.0
2026-06-10,Agartala,0.0,4.0
2026-06-10,CC2 Rajarhat,2.0,8.0
2026-06-10,City Centre GHY,0.0,4.0
2026-06-10,City Centre SIL,0.0,2.0
2026-06-10,Dibrugarh,2.0,4.0
2026-06-10,Fairfield,1.0,3.0
2026-06-10,Jorhat,1.0,3.0
2026-06-10,Malda,0.0,5.0
2026-06-10,Mani Square,3.0,5.0
2026-06-10,Roodraksh Mall,1.0,2.0
2026-06-10,Silchar,3.0,5.0
2026-06-10,Siliguri,0.0,9.0
2026-06-10,Siliguri 2,1.0,7.0
2026-06-10,VEGA Circle Mall,0.0,0.0
2026-06-11,Agartala,1.0,4.0
2026-06-11,CC2 Rajarhat,1.0,4.0
2026-06-11,City Centre GHY,1.0,6.0
2026-06-11,City Centre SIL,0.0,1.0
2026-06-11,Dibrugarh,0.0,4.0
2026-06-11,Fairfield,3.0,5.0
2026-06-11,Jorhat,1.0,1.0
2026-06-11,Malda,0.0,3.0
2026-06-11,Mani Square,1.0,2.0
2026-06-11,Roodraksh Mall,0.0,3.0
2026-06-11,Silchar,4.0,6.0
2026-06-11,Siliguri,0.0,17.0
2026-06-11,Siliguri 2,0.0,6.0
2026-06-11,VEGA Circle Mall,0.0,0.0
2026-06-12,Agartala,1.0,1.0
2026-06-12,CC2 Rajarhat,0.0,4.0
2026-06-12,City Centre GHY,1.0,5.0
2026-06-12,City Centre SIL,0.0,2.0
2026-06-12,Dibrugarh,0.0,4.0
2026-06-12,Fairfield,5.0,11.0
2026-06-12,Jorhat,1.0,2.0
2026-06-12,Malda,0.0,2.0
2026-06-12,Mani Square,2.0,3.0
2026-06-12,Roodraksh Mall,0.0,1.0
2026-06-12,Silchar,0.0,3.0
2026-06-12,Siliguri,2.0,7.0
2026-06-12,Siliguri 2,2.0,7.0
2026-06-12,VEGA Circle Mall,0.0,0.0
2026-06-13,Agartala,3.0,5.0
2026-06-13,CC2 Rajarhat,2.0,9.0
2026-06-13,City Centre GHY,1.0,4.0
2026-06-13,City Centre SIL,0.0,4.0
2026-06-13,Dibrugarh,3.0,5.0
2026-06-13,Fairfield,12.0,18.0
2026-06-13,Jorhat,2.0,8.0
2026-06-13,Malda,0.0,9.0
2026-06-13,Mani Square,0.0,6.0
2026-06-13,Roodraksh Mall,0.0,2.0
2026-06-13,Silchar,9.0,12.0
2026-06-13,Siliguri,2.0,17.0
2026-06-13,Siliguri 2,2.0,4.0
2026-06-13,VEGA Circle Mall,0.0,1.0
2026-06-14,Agartala,0.0,2.0
2026-06-14,CC2 Rajarhat,3.0,11.0
2026-06-14,City Centre GHY,2.0,8.0
2026-06-14,City Centre SIL,0.0,4.0
2026-06-14,Dibrugarh,1.0,2.0
2026-06-14,Fairfield,8.0,17.0
2026-06-14,Jorhat,1.0,2.0
2026-06-14,Malda,0.0,2.0
2026-06-14,Mani Square,4.0,5.0
2026-06-14,Roodraksh Mall,1.0,2.0
2026-06-14,Silchar,5.0,6.0
2026-06-14,Siliguri,2.0,16.0
2026-06-14,Siliguri 2,2.0,4.0
2026-06-14,VEGA Circle Mall,1.0,1.0
2026-06-15,Agartala,2.0,7.0
2026-06-15,CC2 Rajarhat,0.0,4.0
2026-06-15,City Centre GHY,1.0,2.0
2026-06-15,City Centre SIL,0.0,2.0
2026-06-15,Dibrugarh,1.0,4.0
2026-06-15,Fairfield,4.0,5.0
2026-06-15,Jorhat,3.0,5.0
2026-06-15,Malda,0.0,3.0
2026-06-15,Mani Square,3.0,7.0
2026-06-15,Roodraksh Mall,1.0,4.0
2026-06-15,Silchar,4.0,7.0
2026-06-15,Siliguri,0.0,4.0
2026-06-15,Siliguri 2,4.0,7.0
2026-06-15,VEGA Circle Mall,0.0,0.0
2026-06-16,Agartala,0.0,6.0
2026-06-16,CC2 Rajarhat,1.0,9.0
2026-06-16,City Centre GHY,0.0,2.0
2026-06-16,City Centre SIL,0.0,5.0
2026-06-16,Dibrugarh,0.0,1.0
2026-06-16,Fairfield,4.0,13.0
2026-06-16,Jorhat,0.0,2.0
2026-06-16,Malda,1.0,4.0
2026-06-16,Mani Square,3.0,7.0
2026-06-16,Roodraksh Mall,0.0,2.0
2026-06-16,Silchar,2.0,10.0
2026-06-16,Siliguri,0.0,6.0
2026-06-16,Siliguri 2,2.0,7.0
2026-06-16,VEGA Circle Mall,0.0,2.0
2026-06-17,Agartala,1.0,3.0
2026-06-17,CC2 Rajarhat,6.0,14.0
2026-06-17,City Centre GHY,1.0,3.0
2026-06-17,City Centre SIL,0.0,4.0
2026-06-17,Dibrugarh,2.0,3.0
2026-06-17,Fairfield,8.0,16.0
2026-06-17,Jorhat,1.0,1.0
2026-06-17,Malda,0.0,2.0
2026-06-17,Mani Square,4.0,8.0
2026-06-17,Roodraksh Mall,1.0,3.0
2026-06-17,Silchar,1.0,1.0
2026-06-17,Siliguri,0.0,9.0
2026-06-17,Siliguri 2,0.0,1.0
2026-06-17,VEGA Circle Mall,1.0,2.0
2026-06-18,Agartala,1.0,4.0
2026-06-18,CC2 Rajarhat,3.0,12.0
2026-06-18,City Centre GHY,1.0,11.0
2026-06-18,City Centre SIL,0.0,0.0
2026-06-18,Dibrugarh,2.0,4.0
2026-06-18,Fairfield,3.0,7.0
2026-06-18,Jorhat,0.0,4.0
2026-06-18,Malda,1.0,3.0
2026-06-18,Mani Square,3.0,9.0
2026-06-18,Roodraksh Mall,0.0,2.0
2026-06-18,Silchar,2.0,4.0
2026-06-18,Siliguri,0.0,7.0
2026-06-18,Siliguri 2,1.0,4.0
2026-06-18,VEGA Circle Mall,1.0,2.0
2026-06-19,Agartala,1.0,8.0
2026-06-19,CC2 Rajarhat,0.0,11.0
2026-06-19,City Centre GHY,0.0,2.0
2026-06-19,City Centre SIL,1.0,6.0
2026-06-19,Dibrugarh,1.0,4.0
2026-06-19,Fairfield,1.0,7.0
2026-06-19,Jorhat,1.0,3.0
2026-06-19,Malda,0.0,6.0
2026-06-19,Mani Square,4.0,8.0
2026-06-19,Roodraksh Mall,0.0,2.0
2026-06-19,Silchar,7.0,11.0
2026-06-19,Siliguri,0.0,9.0
2026-06-19,Siliguri 2,0.0,1.0
2026-06-19,VEGA Circle Mall,0.0,0.0
2026-06-20,Agartala,2.0,11.0
2026-06-20,CC2 Rajarhat,1.0,11.0
2026-06-20,City Centre GHY,1.0,8.0
2026-06-20,City Centre SIL,0.0,3.0
2026-06-20,Dibrugarh,1.0,5.0
2026-06-20,Fairfield,7.0,13.0
2026-06-20,Jorhat,1.0,8.0
2026-06-20,Malda,1.0,7.0
2026-06-20,Mani Square,1.0,3.0
2026-06-20,Roodraksh Mall,1.0,2.0
2026-06-20,Silchar,1.0,4.0
2026-06-20,Siliguri,0.0,9.0
2026-06-20,Siliguri 2,1.0,6.0
2026-06-20,VEGA Circle Mall,1.0,2.0
2026-06-21,Agartala,2.0,2.0
2026-06-21,CC2 Rajarhat,2.0,15.0
2026-06-21,City Centre GHY,2.0,4.0
2026-06-21,City Centre SIL,0.0,3.0
2026-06-21,Dibrugarh,0.0,1.0
2026-06-21,Fairfield,9.0,19.0
2026-06-21,Jorhat,2.0,5.0
2026-06-21,Malda,3.0,4.0
2026-06-21,Mani Square,4.0,10.0
2026-06-21,Roodraksh Mall,0.0,3.0
2026-06-21,Silchar,2.0,3.0
2026-06-21,Siliguri,0.0,12.0
2026-06-21,Siliguri 2,2.0,8.0
2026-06-21,VEGA Circle Mall,0.0,1.0
2026-06-22,Agartala,0.0,1.0
2026-06-22,CC2 Rajarhat,0.0,7.0
2026-06-22,City Centre GHY,1.0,4.0
2026-06-22,City Centre SIL,0.0,3.0
2026-06-22,Dibrugarh,1.0,4.0
2026-06-22,Fairfield,5.0,5.0
2026-06-22,Jorhat,0.0,3.0
2026-06-22,Malda,3.0,7.0
2026-06-22,Mani Square,3.0,6.0
2026-06-22,Roodraksh Mall,2.0,3.0
2026-06-22,Silchar,4.0,3.0
2026-06-22,Siliguri,0.0,11.0
2026-06-22,Siliguri 2,1.0,5.0
2026-06-22,VEGA Circle Mall,0.0,1.0
2026-06-23,Agartala,0.0,6.0
2026-06-23,CC2 Rajarhat,0.0,5.0
2026-06-23,City Centre GHY,1.0,7.0
2026-06-23,City Centre SIL,0.0,4.0
2026-06-23,Dibrugarh,1.0,3.0
2026-06-23,Fairfield,2.0,2.0
2026-06-23,Jorhat,0.0,4.0
2026-06-23,Malda,0.0,9.0
2026-06-23,Mani Square,2.0,5.0
2026-06-23,Roodraksh Mall,0.0,3.0
2026-06-23,Silchar,3.0,3.0
2026-06-23,Siliguri,0.0,13.0
2026-06-23,Siliguri 2,0.0,6.0
2026-06-23,VEGA Circle Mall,0.0,1.0
2026-06-24,Agartala,0.0,6.0
2026-06-24,CC2 Rajarhat,0.0,5.0
2026-06-24,City Centre GHY,2.0,4.0
2026-06-24,City Centre SIL,0.0,1.0
2026-06-24,Dibrugarh,1.0,5.0
2026-06-24,Fairfield,2.0,7.0
2026-06-24,Jorhat,1.0,2.0
2026-06-24,Malda,0.0,3.0
2026-06-24,Mani Square,1.0,6.0
2026-06-24,Roodraksh Mall,0.0,1.0
2026-06-24,Silchar,1.0,5.0
2026-06-24,Siliguri,0.0,11.0
2026-06-24,Siliguri 2,3.0,4.0
2026-06-24,VEGA Circle Mall,0.0,0.0
2026-06-25,Agartala,0.0,8.0
2026-06-25,CC2 Rajarhat,0.0,11.0
2026-06-25,City Centre GHY,0.0,2.0
2026-06-25,City Centre SIL,0.0,1.0
2026-06-25,Dibrugarh,1.0,4.0
2026-06-25,Fairfield,3.0,7.0
2026-06-25,Jorhat,0.0,5.0
2026-06-25,Malda,0.0,4.0
2026-06-25,Mani Square,3.0,5.0
2026-06-25,Roodraksh Mall,0.0,2.0
2026-06-25,Silchar,5.0,7.0
2026-06-25,Siliguri,0.0,8.0
2026-06-25,Siliguri 2,1.0,4.0
2026-06-25,VEGA Circle Mall,0.0,0.0
2026-06-26,Agartala,1.0,11.0
2026-06-26,CC2 Rajarhat,4.0,19.0
2026-06-26,City Centre GHY,3.0,9.0
2026-06-26,City Centre SIL,0.0,2.0
2026-06-26,Dibrugarh,0.0,7.0
2026-06-26,Fairfield,9.0,9.0
2026-06-26,Jorhat,1.0,5.0
2026-06-26,Malda,0.0,4.0
2026-06-26,Mani Square,4.0,6.0
2026-06-26,Roodraksh Mall,2.0,1.0
2026-06-26,Silchar,1.0,3.0
2026-06-26,Siliguri,0.0,13.0
2026-06-26,Siliguri 2,1.0,7.0
2026-06-26,VEGA Circle Mall,0.0,0.0
2026-06-27,Agartala,2.0,7.0
2026-06-27,CC2 Rajarhat,3.0,9.0
2026-06-27,City Centre GHY,1.0,11.0
2026-06-27,City Centre SIL,0.0,6.0
2026-06-27,Dibrugarh,0.0,3.0
2026-06-27,Fairfield,8.0,11.0
2026-06-27,Jorhat,3.0,9.0
2026-06-27,Malda,0.0,3.0
2026-06-27,Mani Square,3.0,6.0
2026-06-27,Roodraksh Mall,0.0,1.0
2026-06-27,Silchar,3.0,3.0
2026-06-27,Siliguri,1.0,10.0
2026-06-27,Siliguri 2,2.0,2.0
2026-06-27,VEGA Circle Mall,2.0,2.0
2026-06-28,Agartala,1.0,9.0
2026-06-28,CC2 Rajarhat,2.0,12.0
2026-06-28,City Centre GHY,2.0,10.0
2026-06-28,City Centre SIL,0.0,2.0
2026-06-28,Dibrugarh,0.0,5.0
2026-06-28,Fairfield,8.0,15.0
2026-06-28,Jorhat,0.0,2.0
2026-06-28,Malda,3.0,3.0
2026-06-28,Mani Square,4.0,9.0
2026-06-28,Roodraksh Mall,1.0,3.0
2026-06-28,Silchar,6.0,8.0
2026-06-28,Siliguri,0.0,11.0
2026-06-28,Siliguri 2,3.0,6.0
2026-06-28,VEGA Circle Mall,0.0,1.0
2026-06-29,Agartala,1.0,5.0
2026-06-29,CC2 Rajarhat,1.0,6.0
2026-06-29,City Centre GHY,1.0,4.0
2026-06-29,City Centre SIL,13.0,0.0
2026-06-29,Dibrugarh,0.0,3.0
2026-06-29,Fairfield,5.0,13.0
2026-06-29,Jorhat,2.0,3.0
2026-06-29,Malda,3.0,10.0
2026-06-29,Mani Square,4.0,3.0
2026-06-29,Roodraksh Mall,0.0,0.0
2026-06-29,Silchar,4.0,3.0
2026-06-29,Siliguri,2.0,8.0
2026-06-29,Siliguri 2,0.0,4.0
2026-06-29,VEGA Circle Mall,1.0,1.0
2026-06-30,Agartala,3.0,7.0
2026-06-30,CC2 Rajarhat,0.0,6.0
2026-06-30,City Centre GHY,1.0,3.0
2026-06-30,City Centre SIL,2.0,2.0
2026-06-30,Dibrugarh,1.0,4.0
2026-06-30,Fairfield,2.0,8.0
2026-06-30,Jorhat,0.0,6.0
2026-06-30,Malda,1.0,10.0
2026-06-30,Mani Square,0.0,4.0
2026-06-30,Roodraksh Mall,0.0,2.0
2026-06-30,Silchar,1.0,4.0
2026-06-30,Siliguri,1.0,11.0
2026-06-30,Siliguri 2,1.0,4.0
2026-06-30,VEGA Circle Mall,5.0,0.0
2026-07-01,Agartala,2.0,6.0
2026-07-01,CC2 Rajarhat,3.0,19.0
2026-07-01,City Centre GHY,0.0,6.0
2026-07-01,City Centre SIL,1.0,2.0
2026-07-01,Dibrugarh,1.0,5.0
2026-07-01,Fairfield,2.0,9.0
2026-07-01,Jorhat,1.0,4.0
2026-07-01,Malda,1.0,5.0
2026-07-01,Mani Square,1.0,5.0
2026-07-01,Roodraksh Mall,0.0,5.0
2026-07-01,Silchar,1.0,3.0
2026-07-01,Siliguri,0.0,8.0
2026-07-01,Siliguri 2,1.0,5.0
2026-07-01,VEGA Circle Mall,1.0,1.0
2026-07-02,Agartala,0.0,9.0
2026-07-02,CC2 Rajarhat,2.0,7.0
2026-07-02,City Centre GHY,0.0,7.0
2026-07-02,City Centre SIL,0.0,1.0
2026-07-02,Dibrugarh,1.0,5.0
2026-07-02,Fairfield,1.0,3.0
2026-07-02,Jorhat,0.0,6.0
2026-07-02,Malda,1.0,5.0
2026-07-02,Mani Square,1.0,6.0
2026-07-02,Roodraksh Mall,0.0,1.0
2026-07-02,Silchar,6.0,6.0
2026-07-02,Siliguri,1.0,7.0
2026-07-02,Siliguri 2,1.0,5.0
2026-07-02,VEGA Circle Mall,0.0,1.0
2026-07-03,Agartala,1.0,9.0
2026-07-03,CC2 Rajarhat,3.0,8.0
2026-07-03,City Centre GHY,1.0,8.0
2026-07-03,City Centre SIL,0.0,2.0
2026-07-03,Dibrugarh,2.0,2.0
2026-07-03,Fairfield,1.0,4.0
2026-07-03,Jorhat,0.0,5.0
2026-07-03,Malda,0.0,2.0
2026-07-03,Mani Square,1.0,2.0
2026-07-03,Roodraksh Mall,0.0,3.0
2026-07-03,Silchar,4.0,6.0
2026-07-03,Siliguri,0.0,10.0
2026-07-03,Siliguri 2,1.0,5.0
2026-07-03,VEGA Circle Mall,0.0,1.0
2026-07-04,Agartala,4.0,19.0
2026-07-04,CC2 Rajarhat,1.0,7.0
2026-07-04,City Centre GHY,1.0,7.0
2026-07-04,City Centre SIL,0.0,6.0
2026-07-04,Dibrugarh,0.0,2.0
2026-07-04,Fairfield,9.0,20.0
2026-07-04,Jorhat,0.0,4.0
2026-07-04,Malda,1.0,7.0
2026-07-04,Mani Square,6.0,12.0
2026-07-04,Roodraksh Mall,0.0,1.0
2026-07-04,Silchar,6.0,9.0
2026-07-04,Siliguri,1.0,4.0
2026-07-04,Siliguri 2,1.0,3.0
2026-07-04,VEGA Circle Mall,0.0,0.0
2026-07-05,Agartala,3.0,14.0
2026-07-05,CC2 Rajarhat,4.0,25.0
2026-07-05,City Centre GHY,0.0,10.0
2026-07-05,City Centre SIL,0.0,4.0
2026-07-05,Dibrugarh,1.0,4.0
2026-07-05,Fairfield,3.0,15.0
2026-07-05,Jorhat,0.0,2.0
2026-07-05,Malda,1.0,11.0
2026-07-05,Mani Square,9.0,13.0
2026-07-05,Roodraksh Mall,3.0,3.0
2026-07-05,Silchar,6.0,8.0
2026-07-05,Siliguri,0.0,10.0
2026-07-05,Siliguri 2,1.0,3.0
2026-07-05,VEGA Circle Mall,1.0,2.0
2026-07-06,Agartala,3.0,17.0
2026-07-06,CC2 Rajarhat,3.0,
2026-07-06,City Centre GHY,0.0,6.0
2026-07-06,City Centre SIL,0.0,1.0
2026-07-06,Dibrugarh,0.0,5.0
2026-07-06,Fairfield,1.0,12.0
2026-07-06,Jorhat,0.0,2.0
2026-07-06,Malda,1.0,7.0
2026-07-06,Mani Square,1.0,5.0
2026-07-06,Roodraksh Mall,0.0,
2026-07-06,Silchar,11.0,10.0
2026-07-06,Siliguri,0.0,
2026-07-06,Siliguri 2,0.0,4.0
2026-07-06,VEGA Circle Mall,0.0,
2026-07-07,Agartala,0.0,4.0
2026-07-07,CC2 Rajarhat,1.0,7.0
2026-07-07,City Centre GHY,2.0,9.0
2026-07-07,City Centre SIL,0.0,5.0
2026-07-07,Dibrugarh,0.0,3.0
2026-07-07,Fairfield,2.0,8.0
2026-07-07,Jorhat,1.0,6.0
2026-07-07,Malda,2.0,6.0
2026-07-07,Mani Square,3.0,7.0
2026-07-07,Roodraksh Mall,0.0,2.0
2026-07-07,Silchar,5.0,2.0
2026-07-07,Siliguri,0.0,8.0
2026-07-07,Siliguri 2,2.0,2.0
2026-07-07,VEGA Circle Mall,0.0,1.0
2026-07-08,Agartala,0.0,2.0
2026-07-08,CC2 Rajarhat,3.0,10.0
2026-07-08,City Centre GHY,0.0,3.0
2026-07-08,City Centre SIL,1.0,4.0
2026-07-08,Dibrugarh,0.0,1.0
2026-07-08,Fairfield,4.0,7.0
2026-07-08,Jorhat,0.0,2.0
2026-07-08,Malda,3.0,4.0
2026-07-08,Mani Square,1.0,3.0
2026-07-08,Roodraksh Mall,1.0,2.0
2026-07-08,Silchar,3.0,6.0
2026-07-08,Siliguri,0.0,5.0
2026-07-08,Siliguri 2,0.0,1.0
2026-07-08,VEGA Circle Mall,0.0,0.0
2026-07-09,Agartala,1.0,6.0
2026-07-09,CC2 Rajarhat,3.0,10.0
2026-07-09,City Centre GHY,0.0,5.0
2026-07-09,City Centre SIL,2.0,4.0
2026-07-09,Dibrugarh,0.0,2.0
2026-07-09,Fairfield,4.0,7.0
2026-07-09,Jorhat,0.0,4.0
2026-07-09,Malda,1.0,7.0
2026-07-09,Mani Square,3.0,6.0
2026-07-09,Roodraksh Mall,0.0,3.0
2026-07-09,Silchar,1.0,2.0
2026-07-09,Siliguri,0.0,4.0
2026-07-09,Siliguri 2,1.0,6.0
2026-07-09,VEGA Circle Mall,0.0,1.0
2026-07-10,Agartala,1.0,4.0
2026-07-10,CC2 Rajarhat,1.0,8.0
2026-07-10,City Centre GHY,0.0,4.0
2026-07-10,City Centre SIL,1.0,2.0
2026-07-10,Dibrugarh,1.0,2.0
2026-07-10,Fairfield,2.0,7.0
2026-07-10,Jorhat,0.0,4.0
2026-07-10,Malda,0.0,6.0
2026-07-10,Mani Square,0.0,4.0
2026-07-10,Roodraksh Mall,0.0,2.0
2026-07-10,Silchar,4.0,7.0
2026-07-10,Siliguri,0.0,3.0
2026-07-10,Siliguri 2,1.0,8.0
2026-07-10,VEGA Circle Mall,0.0,0.0
2026-07-11,Agartala,2.0,5.0
2026-07-11,CC2 Rajarhat,5.0,18.0
2026-07-11,City Centre GHY,0.0,7.0
2026-07-11,City Centre SIL,1.0,5.0
2026-07-11,Dibrugarh,2.0,3.0
2026-07-11,Fairfield,7.0,12.0
2026-07-11,Jorhat,1.0,5.0
2026-07-11,Malda,0.0,8.0
2026-07-11,Mani Square,3.0,7.0
2026-07-11,Roodraksh Mall,0.0,2.0
2026-07-11,Silchar,4.0,5.0
2026-07-11,Siliguri,0.0,9.0
2026-07-11,Siliguri 2,1.0,7.0
2026-07-11,VEGA Circle Mall,0.0,0.0
2026-07-12,Agartala,5.0,11.0
2026-07-12,CC2 Rajarhat,3.0,23.0
2026-07-12,City Centre GHY,0.0,13.0
2026-07-12,City Centre SIL,1.0,5.0
2026-07-12,Dibrugarh,1.0,2.0
2026-07-12,Fairfield,5.0,9.0
2026-07-12,Jorhat,1.0,5.0
2026-07-12,Malda,0.0,2.0
2026-07-12,Mani Square,3.0,4.0
2026-07-12,Roodraksh Mall,0.0,
2026-07-12,Silchar,2.0,3.0
2026-07-12,Siliguri,0.0,
2026-07-12,Siliguri 2,0.0,2.0
2026-07-12,VEGA Circle Mall,0.0,
2026-07-13,Agartala,0.0,8.0
2026-07-13,City Centre SIL,0.0,1.0
2026-07-13,Dibrugarh,0.0,2.0
2026-07-13,Fairfield,0.0,2.0
2026-07-13,Jorhat,1.0,3.0
2026-07-13,Malda,0.0,1.0
2026-07-13,Mani Square,1.0,4.0
2026-07-13,Roodraksh Mall,0.0,3.0
2026-07-13,Silchar,3.0,4.0
2026-07-13,Siliguri 2,1.0,2.0
2026-07-14,Agartala,1.0,7.0
2026-07-14,CC2 Rajarhat,0.0,6.0
2026-07-14,City Centre SIL,0.0,1.0
2026-07-14,Dibrugarh,0.0,3.0
2026-07-14,Fairfield,2.0,2.0
2026-07-14,Jorhat,0.0,3.0
2026-07-14,Malda,0.0,4.0
2026-07-14,Mani Square,1.0,5.0
2026-07-14,Roodraksh Mall,0.0,1.0
2026-07-14,Silchar,3.0,5.0
2026-07-14,Siliguri 2,0.0,0.0
2026-07-15,Agartala,3.0,
2026-07-15,CC2 Rajarhat,1.0,
2026-07-15,City Centre GHY,0.0,4.0
2026-07-15,City Centre SIL,0.0,
2026-07-15,Dibrugarh,2.0,
2026-07-15,Fairfield,2.0,
2026-07-15,Jorhat,0.0,
2026-07-15,Malda,2.0,
2026-07-15,Mani Square,3.0,
2026-07-15,Roodraksh Mall,0.0,
2026-07-15,Silchar,1.0,
2026-07-15,Siliguri,1.0,
2026-07-15,Siliguri 2,1.0,
2026-07-15,VEGA Circle Mall,0.0,
2026-07-16,Agartala,3.0,6.0
2026-07-16,City Centre SIL,0.0,2.0
2026-07-16,Dibrugarh,2.0,3.0
2026-07-16,Fairfield,0.0,6.0
2026-07-16,Jorhat,0.0,2.0
2026-07-16,Malda,2.0,11.0
2026-07-16,Mani Square,2.0,6.0
2026-07-16,Roodraksh Mall,0.0,0.0
2026-07-16,Silchar,2.0,4.0
2026-07-16,Siliguri,0.0,
2026-07-16,Siliguri 2,1.0,4.0
2026-07-17,Agartala,1.0,11.0
2026-07-17,City Centre SIL,0.0,2.0
2026-07-17,Dibrugarh,1.0,2.0
2026-07-17,Jorhat,0.0,7.0
2026-07-17,Malda,0.0,2.0
2026-07-17,Mani Square,1.0,5.0
2026-07-17,Roodraksh Mall,1.0,5.0
2026-07-17,Silchar,6.0,7.0
2026-07-17,Siliguri,0.0,
2026-07-17,Siliguri 2,0.0,3.0
2026-07-17,VEGA Circle Mall,4.0,3.0
2026-07-18,Agartala,0.0,
2026-07-18,CC2 Rajarhat,1.0,
2026-07-18,City Centre GHY,0.0,
2026-07-18,City Centre SIL,0.0,2.0
2026-07-18,Dibrugarh,1.0,4.0
2026-07-18,Fairfield,3.0,11.0
2026-07-18,Jorhat,1.0,10.0
2026-07-18,Malda,1.0,2.0
2026-07-18,Mani Square,1.0,4.0
2026-07-18,Roodraksh Mall,0.0,3.0
2026-07-18,Silchar,5.0,6.0
2026-07-18,Siliguri,0.0,
2026-07-18,Siliguri 2,0.0,1.0
2026-07-18,VEGA Circle Mall,0.0,
2026-07-19,Agartala,0.0,9.0
2026-07-19,CC2 Rajarhat,3.0,
2026-07-19,City Centre GHY,0.0,
2026-07-19,City Centre SIL,0.0,5.0
2026-07-19,Dibrugarh,1.0,1.0
2026-07-19,Fairfield,5.0,
2026-07-19,Jorhat,1.0,5.0
2026-07-19,Malda,0.0,
2026-07-19,Mani Square,1.0,4.0
2026-07-19,Roodraksh Mall,0.0,
2026-07-19,Silchar,0.0,2.0
2026-07-19,Siliguri,0.0,
2026-07-19,Siliguri 2,0.0,
2026-07-19,VEGA Circle Mall,1.0,
2026-07-20,Agartala,1.0,7.0
2026-07-20,CC2 Rajarhat,1.0,3.0
2026-07-20,City Centre GHY,0.0,5.0
2026-07-20,City Centre SIL,0.0,1.0
2026-07-20,Dibrugarh,0.0,2.0
2026-07-20,Fairfield,3.0,5.0
2026-07-20,Jorhat,0.0,9.0
2026-07-20,Malda,0.0,2.0
2026-07-20,Mani Square,5.0,6.0
2026-07-20,Roodraksh Mall,0.0,4.0
2026-07-20,Silchar,2.0,4.0
2026-07-20,Siliguri,0.0,1.0
2026-07-20,Siliguri 2,0.0,4.0
2026-07-20,VEGA Circle Mall,0.0,2.0
2026-07-21,Agartala,1.0,7.0
2026-07-21,CC2 Rajarhat,0.0,3.0
2026-07-21,City Centre GHY,0.0,8.0
2026-07-21,City Centre SIL,0.0,2.0
2026-07-21,Dibrugarh,0.0,1.0
2026-07-21,Fairfield,0.0,5.0
2026-07-21,Jorhat,0.0,9.0
2026-07-21,Malda,0.0,2.0
2026-07-21,Mani Square,2.0,4.0
2026-07-21,Roodraksh Mall,0.0,0.0
2026-07-21,Silchar,3.0,7.0
2026-07-21,Siliguri,0.0,3.0
2026-07-21,Siliguri 2,1.0,2.0
2026-07-21,VEGA Circle Mall,0.0,0.0
2026-07-22,Agartala,0.0,7.0
2026-07-22,CC2 Rajarhat,0.0,9.0
2026-07-22,City Centre GHY,0.0,3.0
2026-07-22,City Centre SIL,0.0,0.0
2026-07-22,Dibrugarh,0.0,1.0
2026-07-22,Fairfield,2.0,10.0
2026-07-22,Jorhat,1.0,11.0
2026-07-22,Malda,0.0,2.0
2026-07-22,Mani Square,1.0,2.0
2026-07-22,Roodraksh Mall,0.0,0.0
2026-07-22,Silchar,5.0,11.0
2026-07-22,Siliguri,0.0,4.0
2026-07-22,Siliguri 2,0.0,1.0
2026-07-22,VEGA Circle Mall,0.0,0.0
2026-07-23,Agartala,0.0,6.0
2026-07-23,CC2 Rajarhat,0.0,5.0
2026-07-23,City Centre GHY,0.0,3.0
2026-07-23,City Centre SIL,1.0,4.0
2026-07-23,Dibrugarh,1.0,5.0
2026-07-23,Fairfield,2.0,5.0
2026-07-23,Jorhat,0.0,1.0
2026-07-23,Malda,0.0,1.0
2026-07-23,Mani Square,3.0,3.0
2026-07-23,Roodraksh Mall,0.0,0.0
2026-07-23,Silchar,0.0,3.0
2026-07-23,Siliguri,1.0,10.0
2026-07-23,Siliguri 2,0.0,5.0
2026-07-23,VEGA Circle Mall,0.0,0.0
2026-07-24,Agartala,0.0,9.0
2026-07-24,City Centre SIL,0.0,2.0
2026-07-24,Dibrugarh,1.0,5.0
2026-07-24,Fairfield,2.0,7.0
2026-07-24,Jorhat,0.0,3.0
2026-07-24,Malda,0.0,1.0
2026-07-24,Mani Square,1.0,3.0
2026-07-24,Roodraksh Mall,0.0,0.0
2026-07-24,Silchar,1.0,3.0
2026-07-24,Siliguri 2,0.0,2.0
2026-07-25,City Centre GHY,2.0,14.0
2026-07-25,City Centre SIL,0.0,1.0
2026-07-25,Dibrugarh,1.0,2.0
2026-07-25,Fairfield,2.0,7.0
2026-07-25,Jorhat,0.0,6.0
2026-07-25,Malda,0.0,2.0
2026-07-25,Roodraksh Mall,0.0,0.0
2026-07-25,Silchar,1.0,6.0
2026-07-25,Siliguri 2,0.0,5.0
2026-07-26,Agartala,0.0,3.0
2026-07-26,CC2 Rajarhat,1.0,10.0
2026-07-26,City Centre SIL,0.0,2.0
2026-07-26,Dibrugarh,0.0,2.0
2026-07-26,Fairfield,4.0,11.0
2026-07-26,Jorhat,0.0,3.0
2026-07-26,Mani Square,2.0,6.0
2026-07-26,Roodraksh Mall,0.0,0.0
2026-07-26,Silchar,1.0,5.0
2026-07-27,Agartala,1.0,5.0
2026-07-27,CC2 Rajarhat,1.0,4.0
2026-07-27,City Centre GHY,0.0,4.0
2026-07-27,City Centre SIL,1.0,3.0
2026-07-27,Dibrugarh,0.0,1.0
2026-07-27,Fairfield,2.0,9.0
2026-07-27,Jorhat,0.0,1.0
2026-07-27,Malda,0.0,2.0
2026-07-27,Mani Square,1.0,5.0
2026-07-27,Roodraksh Mall,0.0,0.0
2026-07-27,Silchar,0.0,1.0
2026-07-27,Siliguri,0.0,6.0
2026-07-27,Siliguri 2,0.0,2.0
2026-07-27,VEGA Circle Mall,0.0,0.0
2026-07-28,Agartala,1.0,3.0
2026-07-28,CC2 Rajarhat,0.0,2.0
2026-07-28,City Centre GHY,6.0,1.0
2026-07-28,City Centre SIL,0.0,0.0
2026-07-28,Dibrugarh,0.0,0.0
2026-07-28,Fairfield,2.0,9.0
2026-07-28,Jorhat,1.0,1.0
2026-07-28,Malda,0.0,1.0
2026-07-28,Mani Square,3.0,4.0
2026-07-28,Roodraksh Mall,0.0,0.0
2026-07-28,Silchar,2.0,5.0
2026-07-28,Siliguri,0.0,8.0
2026-07-28,Siliguri 2,0.0,2.0
2026-07-28,VEGA Circle Mall,0.0,3.0
2026-07-29,Agartala,1.0,7.0
2026-07-29,CC2 Rajarhat,0.0,6.0
2026-07-29,City Centre GHY,0.0,3.0
2026-07-29,City Centre SIL,0.0,4.0
2026-07-29,Dibrugarh,1.0,2.0
2026-07-29,Fairfield,1.0,5.0
2026-07-29,Jorhat,1.0,3.0
2026-07-29,Malda,0.0,3.0
2026-07-29,Mani Square,5.0,10.0
2026-07-29,Roodraksh Mall,0.0,0.0
2026-07-29,Silchar,1.0,5.0
2026-07-29,Siliguri,0.0,4.0
2026-07-29,Siliguri 2,0.0,1.0
2026-07-29,VEGA Circle Mall,0.0,0.0
2026-07-30,Agartala,2.0,10.0
2026-07-30,CC2 Rajarhat,2.0,11.0
2026-07-30,City Centre GHY,2.0,5.0
2026-07-30,City Centre SIL,0.0,0.0
2026-07-30,Dibrugarh,1.0,1.0
2026-07-30,Fairfield,3.0,12.0
2026-07-30,Jorhat,2.0,3.0
2026-07-30,Malda,0.0,3.0
2026-07-30,Mani Square,2.0,3.0
2026-07-30,Roodraksh Mall,0.0,0.0
2026-07-30,Silchar,3.0,3.0
2026-07-30,Siliguri,0.0,8.0
2026-07-30,Siliguri 2,0.0,2.0
2026-07-30,VEGA Circle Mall,0.0,1.0
2026-07-31,Agartala,5.0,10.0
2026-07-31,CC2 Rajarhat,1.0,6.0
2026-07-31,City Centre GHY,3.0,4.0
2026-07-31,City Centre SIL,0.0,2.0
2026-07-31,Dibrugarh,1.0,1.0
2026-07-31,Fairfield,2.0,5.0
2026-07-31,Jorhat,2.0,9.0
2026-07-31,Malda,0.0,1.0
2026-07-31,Mani Square,4.0,4.0
2026-07-31,Roodraksh Mall,0.0,4.0
2026-07-31,Silchar,3.0,3.0
2026-07-31,Siliguri,0.0,9.0
2026-07-31,Siliguri 2,0.0,3.0
2026-07-31,VEGA Circle Mall,0.0,0.0
2026-08-01,Agartala,0.0,8.0
2026-08-01,CC2 Rajarhat,3.0,12.0
2026-08-01,City Centre GHY,0.0,4.0
2026-08-01,City Centre SIL,0.0,2.0
2026-08-01,Dibrugarh,1.0,3.0
2026-08-01,Fairfield,2.0,12.0
2026-08-01,Jorhat,1.0,2.0
2026-08-01,Malda,1.0,3.0
2026-08-01,Mani Square,3.0,6.0
2026-08-01,Roodraksh Mall,0.0,0.0
2026-08-01,Silchar,2.0,4.0
2026-08-01,Siliguri,0.0,16.0
2026-08-01,Siliguri 2,0.0,0.0
2026-08-01,VEGA Circle Mall,0.0,1.0
2026-08-02,Agartala,0.0,8.0
2026-08-02,CC2 Rajarhat,0.0,7.0
2026-08-02,City Centre GHY,1.0,4.0
2026-08-02,City Centre SIL,0.0,1.0
2026-08-02,Dibrugarh,1.0,2.0
2026-08-02,Fairfield,6.0,13.0
2026-08-02,Jorhat,1.0,1.0
2026-08-02,Malda,0.0,2.0
2026-08-02,Mani Square,3.0,7.0
2026-08-02,Roodraksh Mall,0.0,0.0
2026-08-02,Silchar,2.0,4.0
2026-08-02,Siliguri,0.0,13.0
2026-08-02,Siliguri 2,0.0,1.0
2026-08-02,VEGA Circle Mall,0.0,0.0
2026-08-03,Agartala,0.0,
2026-08-03,CC2 Rajarhat,0.0,
2026-08-03,City Centre GHY,0.0,
2026-08-03,City Centre SIL,0.0,
2026-08-03,Dibrugarh,0.0,
2026-08-03,Fairfield,6.0,
2026-08-03,Jorhat,1.0,
2026-08-03,Malda,0.0,
2026-08-03,Mani Square,2.0,2.0
2026-08-03,Roodraksh Mall,0.0,
2026-08-03,Silchar,3.0,
2026-08-03,Siliguri,0.0,
2026-08-03,Siliguri 2,1.0,
2026-08-03,VEGA Circle Mall,0.0,
2026-08-04,Agartala,0.0,2.0
2026-08-04,CC2 Rajarhat,0.0,5.0
2026-08-04,City Centre GHY,0.0,5.0
2026-08-04,City Centre SIL,0.0,1.0
2026-08-04,Dibrugarh,0.0,1.0
2026-08-04,Fairfield,3.0,8.0
2026-08-04,Jorhat,0.0,2.0
2026-08-04,Malda,0.0,3.0
2026-08-04,Mani Square,1.0,4.0
2026-08-04,Roodraksh Mall,0.0,0.0
2026-08-04,Silchar,2.0,5.0
2026-08-04,Siliguri,0.0,7.0
2026-08-04,Siliguri 2,0.0,0.0
2026-08-04,VEGA Circle Mall,0.0,0.0
2026-08-05,Agartala,5.0,2.0
2026-08-05,CC2 Rajarhat,0.0,7.0
2026-08-05,City Centre GHY,0.0,5.0
2026-08-05,City Centre SIL,1.0,4.0
2026-08-05,Dibrugarh,0.0,3.0
2026-08-05,Fairfield,1.0,3.0
2026-08-05,Jorhat,1.0,3.0
2026-08-05,Malda,1.0,3.0
2026-08-05,Mani Square,1.0,4.0
2026-08-05,Roodraksh Mall,0.0,0.0
2026-08-05,Silchar,2.0,4.0
2026-08-05,Siliguri,0.0,7.0
2026-08-05,Siliguri 2,1.0,2.0
2026-08-05,VEGA Circle Mall,0.0,0.0
2026-08-06,Agartala,0.0,2.0
2026-08-06,CC2 Rajarhat,1.0,5.0
2026-08-06,City Centre GHY,0.0,3.0
2026-08-06,City Centre SIL,1.0,4.0
2026-08-06,Dibrugarh,0.0,0.0
2026-08-06,Fairfield,1.0,11.0
2026-08-06,Jorhat,1.0,4.0
2026-08-06,Malda,1.0,2.0
2026-08-06,Mani Square,0.0,3.0
2026-08-06,Roodraksh Mall,0.0,0.0
2026-08-06,Silchar,0.0,1.0
2026-08-06,Siliguri,0.0,10.0
2026-08-06,Siliguri 2,0.0,1.0
2026-08-06,VEGA Circle Mall,0.0,0.0
2026-08-07,Agartala,0.0,2.0
2026-08-07,CC2 Rajarhat,2.0,6.0
2026-08-07,City Centre GHY,1.0,6.0
2026-08-07,City Centre SIL,0.0,3.0
2026-08-07,Dibrugarh,0.0,0.0
2026-08-07,Fairfield,1.0,8.0
2026-08-07,Jorhat,0.0,1.0
2026-08-07,Malda,0.0,2.0
2026-08-07,Mani Square,1.0,2.0
2026-08-07,Roodraksh Mall,0.0,0.0
2026-08-07,Silchar,1.0,2.0
2026-08-07,Siliguri,0.0,9.0
2026-08-07,Siliguri 2,0.0,4.0
2026-08-07,VEGA Circle Mall,0.0,0.0
2026-08-08,Agartala,0.0,6.0
2026-08-08,CC2 Rajarhat,3.0,15.0
2026-08-08,City Centre GHY,1.0,7.0
2026-08-08,City Centre SIL,1.0,2.0
2026-08-08,Dibrugarh,0.0,3.0
2026-08-08,Fairfield,5.0,15.0
2026-08-08,Jorhat,0.0,6.0
2026-08-08,Malda,1.0,4.0
2026-08-08,Mani Square,3.0,6.0
2026-08-08,Roodraksh Mall,0.0,0.0
2026-08-08,Silchar,2.0,3.0
2026-08-08,Siliguri,0.0,10.0
2026-08-08,Siliguri 2,2.0,4.0
2026-08-08,VEGA Circle Mall,0.0,0.0
2026-08-09,Agartala,1.0,8.0
2026-08-09,CC2 Rajarhat,2.0,13.0
2026-08-09,City Centre GHY,0.0,10.0
2026-08-09,City Centre SIL,0.0,4.0
2026-08-09,Dibrugarh,1.0,2.0
2026-08-09,Fairfield,11.0,20.0
2026-08-09,Jorhat,1.0,3.0
2026-08-09,Malda,3.0,6.0
2026-08-09,Mani Square,3.0,6.0
2026-08-09,Roodraksh Mall,0.0,0.0
2026-08-09,Silchar,4.0,4.0
2026-08-09,Siliguri,1.0,8.0
2026-08-09,Siliguri 2,0.0,2.0
2026-08-09,VEGA Circle Mall,0.0,0.0
2026-08-10,Agartala,1.0,7.0
2026-08-10,CC2 Rajarhat,0.0,6.0
2026-08-10,City Centre GHY,0.0,4.0
2026-08-10,City Centre SIL,0.0,1.0
2026-08-10,Dibrugarh,1.0,3.0
2026-08-10,Fairfield,1.0,6.0
2026-08-10,Jorhat,2.0,2.0
2026-08-10,Malda,0.0,1.0
2026-08-10,Mani Square,0.0,2.0
2026-08-10,Roodraksh Mall,0.0,0.0
2026-08-10,Silchar,4.0,6.0
2026-08-10,Siliguri,0.0,8.0
2026-08-10,Siliguri 2,0.0,3.0
2026-08-10,VEGA Circle Mall,0.0,0.0
2026-08-11,Agartala,1.0,6.0
2026-08-11,CC2 Rajarhat,2.0,7.0
2026-08-11,City Centre GHY,1.0,4.0
2026-08-11,City Centre SIL,0.0,1.0
2026-08-11,Dibrugarh,0.0,1.0
2026-08-11,Fairfield,3.0,7.0
2026-08-11,Jorhat,0.0,2.0
2026-08-11,Malda,1.0,6.0
2026-08-11,Mani Square,1.0,1.0
2026-08-11,Roodraksh Mall,0.0,0.0
2026-08-11,Silchar,0.0,2.0
2026-08-11,Siliguri,0.0,8.0
2026-08-11,Siliguri 2,1.0,6.0
2026-08-11,VEGA Circle Mall,0.0,0.0
2026-08-12,Agartala,1.0,3.0
2026-08-12,CC2 Rajarhat,1.0,5.0
2026-08-12,City Centre GHY,0.0,3.0
2026-08-12,City Centre SIL,0.0,2.0
2026-08-12,Dibrugarh,1.0,6.0
2026-08-12,Fairfield,0.0,7.0
2026-08-12,Jorhat,0.0,3.0
2026-08-12,Malda,0.0,6.0
2026-08-12,Mani Square,3.0,4.0
2026-08-12,Roodraksh Mall,0.0,0.0
2026-08-12,Silchar,2.0,5.0
2026-08-12,Siliguri,0.0,7.0
2026-08-12,Siliguri 2,1.0,3.0
2026-08-12,VEGA Circle Mall,0.0,0.0
2026-08-13,Agartala,0.0,0.0
2026-08-13,CC2 Rajarhat,2.0,8.0
2026-08-13,City Centre GHY,0.0,4.0
2026-08-13,City Centre SIL,0.0,5.0
2026-08-13,Dibrugarh,0.0,2.0
2026-08-13,Fairfield,1.0,7.0
2026-08-13,Jorhat,0.0,1.0
2026-08-13,Malda,0.0,3.0
2026-08-13,Mani Square,0.0,9.0
2026-08-13,Roodraksh Mall,0.0,0.0
2026-08-13,Silchar,4.0,5.0
2026-08-13,Siliguri,0.0,6.0
2026-08-13,Siliguri 2,0.0,2.0
2026-08-13,VEGA Circle Mall,0.0,0.0
2026-08-14,Agartala,2.0,5.0
2026-08-14,CC2 Rajarhat,3.0,7.0
2026-08-14,City Centre GHY,1.0,7.0
2026-08-14,City Centre SIL,0.0,7.0
2026-08-14,Dibrugarh,0.0,3.0
2026-08-14,Fairfield,8.0,12.0
2026-08-14,Jorhat,0.0,3.0
2026-08-14,Malda,0.0,2.0
2026-08-14,Mani Square,0.0,6.0
2026-08-14,Roodraksh Mall,0.0,0.0
2026-08-14,Silchar,3.0,5.0
2026-08-14,Siliguri,0.0,9.0
2026-08-14,Siliguri 2,0.0,4.0
2026-08-14,VEGA Circle Mall,0.0,0.0
2026-08-15,Agartala,1.0,3.0
2026-08-15,CC2 Rajarhat,1.0,15.0
2026-08-15,City Centre GHY,2.0,7.0
2026-08-15,City Centre SIL,0.0,5.0
2026-08-15,Dibrugarh,0.0,1.0
2026-08-15,Fairfield,4.0,10.0
2026-08-15,Jorhat,0.0,2.0
2026-08-15,Malda,0.0,3.0
2026-08-15,Mani Square,3.0,11.0
2026-08-15,Roodraksh Mall,0.0,0.0
2026-08-15,Silchar,3.0,5.0
2026-08-15,Siliguri,0.0,13.0
2026-08-15,Siliguri 2,2.0,3.0
2026-08-15,VEGA Circle Mall,0.0,0.0
2026-08-16,Agartala,3.0,2.0
2026-08-16,CC2 Rajarhat,1.0,11.0
2026-08-16,City Centre GHY,2.0,7.0
2026-08-16,City Centre SIL,0.0,1.0
2026-08-16,Dibrugarh,0.0,4.0
2026-08-16,Fairfield,2.0,6.0
2026-08-16,Jorhat,0.0,3.0
2026-08-16,Malda,0.0,3.0
2026-08-16,Mani Square,4.0,10.0
2026-08-16,Roodraksh Mall,0.0,0.0
2026-08-16,Silchar,3.0,4.0
2026-08-16,Siliguri,0.0,9.0
2026-08-16,Siliguri 2,2.0,4.0
2026-08-16,VEGA Circle Mall,0.0,0.0
2026-08-17,Agartala,0.0,5.0
2026-08-17,CC2 Rajarhat,0.0,5.0
2026-08-17,City Centre GHY,1.0,6.0
2026-08-17,City Centre SIL,0.0,4.0
2026-08-17,Dibrugarh,0.0,1.0
2026-08-17,Fairfield,2.0,8.0
2026-08-17,Jorhat,0.0,5.0
2026-08-17,Malda,0.0,3.0
2026-08-17,Mani Square,0.0,3.0
2026-08-17,Roodraksh Mall,0.0,0.0
2026-08-17,Silchar,1.0,3.0
2026-08-17,Siliguri,1.0,4.0
2026-08-17,Siliguri 2,0.0,2.0
2026-08-17,VEGA Circle Mall,0.0,0.0
2026-08-18,Agartala,0.0,3.0
2026-08-18,CC2 Rajarhat,2.0,5.0
2026-08-18,City Centre GHY,1.0,5.0
2026-08-18,City Centre SIL,0.0,3.0
2026-08-18,Dibrugarh,2.0,1.0
2026-08-18,Fairfield,4.0,12.0
2026-08-18,Jorhat,0.0,1.0
2026-08-18,Malda,0.0,1.0
2026-08-18,Mani Square,0.0,6.0
2026-08-18,Roodraksh Mall,0.0,0.0
2026-08-18,Silchar,1.0,1.0
2026-08-18,Siliguri,1.0,11.0
2026-08-18,Siliguri 2,1.0,4.0
2026-08-18,VEGA Circle Mall,0.0,0.0
2026-08-19,Agartala,1.0,6.0
2026-08-19,CC2 Rajarhat,1.0,6.0
2026-08-19,City Centre GHY,1.0,2.0
2026-08-19,City Centre SIL,0.0,2.0
2026-08-19,Dibrugarh,0.0,2.0
2026-08-19,Fairfield,1.0,9.0
2026-08-19,Jorhat,0.0,4.0
2026-08-19,Malda,0.0,4.0
2026-08-19,Mani Square,1.0,6.0
2026-08-19,Roodraksh Mall,0.0,0.0
2026-08-19,Silchar,2.0,9.0
2026-08-19,Siliguri,1.0,8.0
2026-08-19,Siliguri 2,0.0,0.0
2026-08-19,VEGA Circle Mall,0.0,0.0
2026-08-20,Agartala,1.0,4.0
2026-08-20,CC2 Rajarhat,1.0,9.0
2026-08-20,City Centre GHY,0.0,2.0
2026-08-20,City Centre SIL,0.0,3.0
2026-08-20,Dibrugarh,1.0,4.0
2026-08-20,Fairfield,1.0,5.0
2026-08-20,Jorhat,0.0,7.0
2026-08-20,Malda,1.0,3.0
2026-08-20,Mani Square,1.0,4.0
2026-08-20,Roodraksh Mall,0.0,0.0
2026-08-20,Silchar,6.0,6.0
2026-08-20,Siliguri,0.0,6.0
2026-08-20,Siliguri 2,0.0,2.0
2026-08-20,VEGA Circle Mall,0.0,0.0
2026-08-21,Agartala,0.0,5.0
2026-08-21,CC2 Rajarhat,3.0,7.0
2026-08-21,City Centre GHY,0.0,3.0
2026-08-21,City Centre SIL,0.0,2.0
2026-08-21,Dibrugarh,0.0,2.0
2026-08-21,Fairfield,2.0,6.0
2026-08-21,Jorhat,0.0,2.0
2026-08-21,Malda,0.0,2.0
2026-08-21,Mani Square,1.0,3.0
2026-08-21,Roodraksh Mall,0.0,0.0
2026-08-21,Silchar,0.0,2.0
2026-08-21,Siliguri,0.0,11.0
2026-08-21,Siliguri 2,0.0,3.0
2026-08-21,VEGA Circle Mall,0.0,0.0
